"easysitename","SampleDate2","Site","color.use","LUname","meanfluxN2Ol","meanfluxCO2l","meanfluxCH4l","sdfluxN2Ol","sdfluxCO2l","sdfluxCH4l","meanfluxN2Oq","meanfluxCO2q","meanfluxCH4q","sdfluxN2Oq","sdfluxCO2q","sdfluxCH4q","meanSoilMoisPercent","sdSoilMoisPercent","meanNO3_N_mgNg","sdNO3_N_mgNg","meanNH4_N_mgNg","sdNH4_N_mgNg","meanNO3_N_NH4_N_mgNg","sdNO3_N_NH4_N_mgNg","meanNO3_N_mgNg_FinalMinusInitial_perDay","sdNO3_N_mgNg_FinalMinusInitial_perDay","meanNH4_N_mgNg_FinalMinusInitial_perDay","sdNH4_N_mgNg_FinalMinusInitial_perDay","meanNO3_N_NH4_N_mgNg_FinalMinusInitial_perDay","sdNO3_N_NH4_N_mgNg_FinalMinusInitial_perDay","meanNO3_N_mgNg_FinalMinusInitial_perDay_AreaBasis","sdNO3_N_mgNg_FinalMinusInitial_perDay_AreaBasis","meanNH4_N_mgNg_FinalMinusInitial_perDay_AreaBasis","sdNH4_N_mgNg_FinalMinusInitial_perDay_AreaBasis","meanNO3_N_NH4_N_mgNg_FinalMinusInitial_perDay_AreaBasis","sdNO3_N_NH4_N_mgNg_FinalMinusInitial_perDay_AreaBasis"
"F3_2014.11.14",2014-11-14,"F3","darkgreen","Forest",1.11827690765955,11.6458733950768,-0.000297490363585104,1.26939023855143,1.74166382938755,0.000834651557474668,1.16206069886632,14.4383455470092,3.98817639243897e-06,1.42438424985151,1.82347175753804,0.00260899107148558,NA,NA,NA,NA,NA,NA,NA,NA,NA,NA,NA,NA,NA,NA,NA,NA,NA,NA,NA,NA
"M4_2014.11.14",2014-11-14,"M4","darkorange","Soya/Maize DC",0.320663318025659,7.9003019782961,-0.000272312946886966,1.01638241278786,5.98410790980815,0.000965994563128485,1.20942495384706,13.4323215175313,-6.94218645178635e-05,1.07866181902524,6.08522282888812,0.0019317411122364,NA,NA,NA,NA,NA,NA,NA,NA,NA,NA,NA,NA,NA,NA,NA,NA,NA,NA,NA,NA
"S1_2014.11.13",2014-11-13,"S1","darkblue","Soya SC",1.59886824862852,30.5424484268372,-0.000426282784298271,0.615359749749126,10.9892508626165,0.00057707960164051,2.68309266887883,40.892463990489,0.000676311495147917,2.97728671240141,11.0247776858909,0.0013064886126603,NA,NA,NA,NA,NA,NA,NA,NA,NA,NA,NA,NA,NA,NA,NA,NA,NA,NA,NA,NA
"F2_2014.11.12",2014-11-12,"F2","darkgreen","Forest",1.02991330416377,14.8527343046349,0.00493559790234455,0.625128807133437,4.91551015967236,0.0162005285908774,1.44617422936996,18.15311648421,0.00355789099520832,1.1744594596156,6.81726610287044,0.0132058190788145,NA,NA,NA,NA,NA,NA,NA,NA,NA,NA,NA,NA,NA,NA,NA,NA,NA,NA,NA,NA
"M1_2014.11.12",2014-11-12,"M1","darkorange","Soya/Maize DC",-0.324715535144849,6.79820514530114,-0.00052861711574057,0.288899101088888,2.54400928835302,0.000560341471313875,-0.776016733666651,9.24519754525414,-0.00140759104844515,1.26634917403439,4.36836835354403,0.00127763359006078,NA,NA,NA,NA,NA,NA,NA,NA,NA,NA,NA,NA,NA,NA,NA,NA,NA,NA,NA,NA
"F1_2014.11.10",2014-11-10,"F1","darkgreen","Forest",0.46139927897914,7.76883063577328,-0.000846442345687183,0.962744591544428,8.64707186878841,0.000980498469822963,-0.252763253639516,3.55426724592044,-0.00212568560259916,2.73172066974262,30.5373056646482,0.00452652688816818,NA,NA,NA,NA,NA,NA,NA,NA,NA,NA,NA,NA,NA,NA,NA,NA,NA,NA,NA,NA
"S2_2014.11.10",2014-11-10,"S2","darkblue","Soya SC",0.131268129452035,13.9828571497161,-0.000501251811995527,0.625220810628983,10.4180456204691,0.000654316078435966,-0.205236568802082,19.2000189768646,-0.0003701185562572,1.47728124422316,14.5738981228602,0.00109637002865311,NA,NA,NA,NA,NA,NA,NA,NA,NA,NA,NA,NA,NA,NA,NA,NA,NA,NA,NA,NA
"M1_2014.04.07",2014-04-07,"M1","darkorange","Soya/Maize DC",6.13407890266083,28.7523594043487,-0.000947998774748343,9.46549188833315,12.2287448251276,0.000494071362974915,6.29539753888878,33.5181936314912,-0.00178068509010428,10.4735523084228,18.6058917234497,0.000763308390697523,NA,NA,NA,NA,NA,NA,NA,NA,NA,NA,NA,NA,NA,NA,NA,NA,NA,NA,NA,NA
"F2_2014.04.03",2014-04-03,"F2","darkgreen","Forest",2.91894322337693,16.177345592168,-8.49736045927147e-05,2.84294720305965,2.89449012972708,0.00196872193285345,1.97900164353774,18.2175825763698,-0.000707243064668794,1.71032360367428,1.53389854665941,0.00105342254484325,0.252003508,0.0114230090840068,0.000640271332807935,0.000450217817350857,0.00408012397800623,0.00156373720948828,0.00472039531081417,0.00134591291282151,0.0110806128050992,0.00104046725416364,-0.00587426712891761,0.00302354673568203,0.00520634567618154,0.00265884594494719,1433.42836560509,134.598627515891,-759.916556768158,391.137000443227,673.511808836938,343.957979969077
"F3_2014.04.02",2014-04-02,"F3","darkgreen","Forest",1.12035543386413,15.5483236446305,-7.50397981381583e-05,0.792545783350062,1.69824789491446,0.00108312673205711,1.2658458145036,19.7726962217472,0.0015360829531247,0.683240337559254,3.78329191299919,0.00142226779256219,0.27211461125,0.0106429707790758,NA,NA,NA,NA,NA,NA,NA,NA,NA,NA,NA,NA,NA,NA,NA,NA,NA,NA
"M3_2014.04.02",2014-04-02,"M3","darkorange","Soya/Maize DC",-0.0233362812224945,17.500193343563,-0.000505544596941255,0.645408083659129,8.77064312657025,0.000948239785147821,0.418815707153056,17.1753925995088,-0.000562510141919614,1.49477070990706,5.641501629917,0.00175959572781561,0.2082716238,0.0127677711234634,NA,NA,NA,NA,NA,NA,NA,NA,NA,NA,NA,NA,NA,NA,NA,NA,NA,NA
"M2_2014.04.01",2014-04-01,"M2","darkorange","Soya/Maize DC",1.94522590350773,16.2358373166827,-0.000524701898733978,1.14042361646411,7.31987123026373,0.000322241159100613,3.25008597904916,26.4221979105483,-0.000896876792592569,2.23631606074419,7.73157503896228,0.00148648427522058,0.3851758924,0.059720408120462,0.00934387568738426,0.00330167873076776,0.0258231098241292,0.0131847698909728,0.0351669855115135,0.0153221143040636,0.0580190222850173,0.0149789254615532,-0.0355329249273941,0.0190210920921026,0.0213829705212132,0.0173571082763351,7568.84517990905,1954.06891248443,-4635.43157007367,2481.38792292428,2789.5056998128,2264.31367059462
"M1_2014.03.27",2014-03-27,"M1","darkorange","Soya/Maize DC",1.01851832876541,20.6886045045996,-0.000361145499357935,2.43369071851773,12.3404404395718,0.00192984188310922,0.883821205756563,17.6606752485386,-0.000962893643029806,2.96655337758615,38.0747217637434,0.00330430663240492,0.2411958318,0.0181381204456263,NA,NA,NA,NA,NA,NA,NA,NA,NA,NA,NA,NA,NA,NA,NA,NA,NA,NA
"M4_2014.03.26",2014-03-26,"M4","darkorange","Soya/Maize DC",0.521831071194676,12.1258925476495,-0.000158570639786831,0.756681951331306,5.54366798313803,0.000590135829043857,0.412231065551805,16.3168881746416,-0.00140097926341464,0.669649813842112,10.3379911694434,0.00228344336957796,0.232517661076923,0.00535855928772077,0.00190250348840026,0.000553057281693098,0.0004506590454372,0.00014695905394626,0.00235316253383746,0.000694721200734217,0.00444333296415366,0.00129773230992513,0.000866088610703964,0.000100559937023288,0.00531355323927436,0.00121783761051981,594.073617307344,173.50680983699,115.79604725112,13.4448635800135,710.422068090981,162.824888526498
"S1_2014.03.26",2014-03-26,"S1","darkblue","Soya SC",1.90791514155714,9.16837049807375,-0.000462885387247721,1.82315396915833,2.94453991639261,0.000788800307857395,1.64790539113041,11.3050997480072,-0.000467183449513248,1.18815279335192,7.19142430158725,0.00129151399830303,0.1889137428,0.00782306614007303,0.0017676891933092,0.000674764038789749,0.000803747137769424,0.000474689304063127,0.00257143633107862,0.00097799264047409,0.0050362622124678,0.00257911338225125,0.000414899652507554,0.000399661605545052,0.00545116186497535,0.00234123658364501,804.291075331108,411.884407145526,66.2594745054563,63.8259584055446,870.550549836564,373.895482408108
"F1_2014.03.25",2014-03-25,"F1","darkgreen","Forest",0.609280512211017,8.58482964180784,-0.00185847416423768,0.470962149184881,1.63388942395142,0.0011833787260474,-0.135274898024171,9.87168261516415,-0.00328638596133928,1.59053537156516,1.09455860076099,0.00164272231737441,0.2827950785,0.0308731330033196,3.96703150259223e-05,7.17663001397357e-05,0.00154896244754209,0.000710769676040158,0.00158863276256802,0.000679047931424435,0.00599773051261065,0.00181132090504986,-7.01752930615005e-05,0.00035471338605869,0.00592755521954915,0.00146848124200919,732.472838852575,221.207565529212,-8.57015766513575,43.3193722724174,723.90268118744,179.338271680372
"S2_2014.03.25",2014-03-25,"S2","darkblue","Soya SC",1.52217582192228,10.7221913744464,-0.000270077497766177,0.215508839569032,5.65852167838437,0.00105112691672849,0.363385639545806,15.1208468980819,-0.000966443178526594,3.65769437947084,11.9880185529702,0.00213467989888229,0.1294595012,0.00786224149988945,0.00061785520477801,0.000321081140795375,0.000990479749537578,7.64499768851856e-05,0.00160833495431559,0.000327143489383251,0.00135339140084421,0.000479819909286638,-0.000165469308442034,0.000228733440310118,0.00118792209240217,0.000607022365149297,227.994397526831,80.8312001029025,-27.8752142683118,38.5327872522429,200.11918325852,102.259921513612
"F2_2014.03.20",2014-03-20,"F2","darkgreen","Forest",0.625332234352205,10.5333215088892,-0.000802536648524801,0.837974453427204,4.22109924566748,0.00165609182073564,1.41837516342744,26.3806779526913,0.00167636566818378,1.78807306230548,18.5841007439229,0.00195546703379054,0.2183863154,0.01455007073841,0.000684761456988925,0.000918929122398488,0.0030318365830314,0.000836774805693712,0.00371659804002033,0.00107970019367029,NA,NA,NA,NA,NA,NA,NA,NA,NA,NA,NA,NA
"M1_2014.03.20",2014-03-20,"M1","darkorange","Soya/Maize DC",0.612375795097863,7.16110900379492,-0.000324831796639977,0.53210201355003,5.91916555346869,0.00132624871265157,0.455928368590249,6.5011741956792,-0.00117957763317046,1.65114387907973,7.56900730960785,0.00294615359103904,0.1940020552,0.00394847267529117,0.0118673663074114,0.00414665660727501,0.00626504224841771,0.00436224101329716,0.0181324085558291,0.00814932074390198,NA,NA,NA,NA,NA,NA,NA,NA,NA,NA,NA,NA
"M2_2014.03.18",2014-03-18,"M2","darkorange","Soya/Maize DC",0.501662395580891,18.1443135147756,-0.000113269295341612,0.662940388681065,8.88195691677676,0.000547004968695779,0.564617382373671,24.0383672803715,0.000720045513246939,1.19406702026856,10.9108445592964,0.00161708692008918,0.207537256,0.00980224281216019,0.00408388152668562,0.000955134134141476,0.00257526876436567,0.000417744165242813,0.00665915029105129,0.00110146498028282,0.00213572089110308,0.00150091840387797,-0.00132537510249879,0.000247279790598015,0.000810345788604284,0.0013968415551784,278.614498066627,195.801628142261,-172.901206553251,32.2587726825586,105.713291513377,182.224330152817
"M4_2014.03.18",2014-03-18,"M4","darkorange","Soya/Maize DC",0.0901075659399922,13.1940452843697,-0.000653567885347743,0.608778172296877,6.8675300375043,0.000683965386357566,0.316206200550002,16.6370233451103,0.000388272560015228,2.22169275288183,7.93893627475542,0.00191447196116441,0.2284620548,0.0207616723668201,0.00493814519201833,0.00247220322725303,0.00253625231023022,0.000356091318928549,0.00747439750224854,0.00238935348230978,0.00210023705857524,0.000603948120260064,-0.00133109438590666,0.000406421635418407,0.000769142672668583,0.000679554190902661,280.80169473151,80.7478636787706,-177.96731939572,54.3385726554412,102.83437533579,90.8563953236858
"M1_2014.03.13",2014-03-13,"M1","darkorange","Soya/Maize DC",1.78479634715239,13.3625038484438,0.000529675373540126,1.60208912879956,6.32411022752972,0.000833534180883065,1.31984213662179,16.1001606666147,0.00116943157702775,2.97812849773943,7.72011268778342,0.00196670765242123,NA,NA,NA,NA,NA,NA,NA,NA,NA,NA,NA,NA,NA,NA,NA,NA,NA,NA,NA,NA
"M2_2014.03.13",2014-03-13,"M2","darkorange","Soya/Maize DC",0.124257623835712,26.393007802347,-0.000668338756443626,0.327522161249151,13.0912369916574,0.000546139353403712,0.213922935384129,31.3769077210182,-0.00137745446685063,2.30837794767792,12.5373693651848,0.00295509838549729,NA,NA,NA,NA,NA,NA,NA,NA,NA,NA,NA,NA,NA,NA,NA,NA,NA,NA,NA,NA
"M4_2014.03.13",2014-03-13,"M4","darkorange","Soya/Maize DC",1.4829581271137,46.8257591546466,-0.000708724585529991,1.18600710461226,29.6928856878874,0.000295550852775374,1.35165497508789,16.8343460452193,-0.00173953669176512,2.28347586615574,45.0119571711345,0.0011762697213737,NA,NA,NA,NA,NA,NA,NA,NA,NA,NA,NA,NA,NA,NA,NA,NA,NA,NA,NA,NA
"F2_2014.03.11",2014-03-11,"F2","darkgreen","Forest",1.25428054297349,13.7032459878186,0.00061781566238461,0.770823472061374,1.41346016135743,0.00276034352731172,1.28147366710583,13.2649438886657,-0.000113024818432616,0.562400727942783,5.08936536846004,0.00255151289059625,NA,NA,NA,NA,NA,NA,NA,NA,NA,NA,NA,NA,NA,NA,NA,NA,NA,NA,NA,NA
"M1_2014.03.10",2014-03-10,"M1","darkorange","Soya/Maize DC",1.25317990924361,9.62007456742652,-0.000192930855278258,1.72223351035573,2.95892442588059,0.000969156284145167,1.02975585612871,12.3080730507412,-0.000197755587938511,2.72465505206866,5.49752706919901,0.00230526272553235,NA,NA,NA,NA,NA,NA,NA,NA,NA,NA,NA,NA,NA,NA,NA,NA,NA,NA,NA,NA
"M2_2014.03.10",2014-03-10,"M2","darkorange","Soya/Maize DC",0.286116710830124,18.9109439778504,-0.000856444061343741,0.67861042086971,5.34515653913302,0.00082990871561295,0.47032105067572,24.8263946979224,-0.00143113025319018,1.07190393200761,7.69480253563243,0.00242671482257515,NA,NA,NA,NA,NA,NA,NA,NA,NA,NA,NA,NA,NA,NA,NA,NA,NA,NA,NA,NA
"M4_2014.03.10",2014-03-10,"M4","darkorange","Soya/Maize DC",0.422322325119643,15.2099506639712,-0.00033698599670594,0.349175017290366,5.42989627602634,0.000359130506154034,-0.206553284906445,20.7969625921243,0.000422180704093712,1.23707901261612,6.33510581701409,0.0012171567014388,NA,NA,NA,NA,NA,NA,NA,NA,NA,NA,NA,NA,NA,NA,NA,NA,NA,NA,NA,NA
"M2_2014.03.07",2014-03-07,"M2","darkorange","Soya/Maize DC",0.724482647736874,12.9307937459016,-0.000154279742391332,0.864819865606739,2.00574701656968,0.000857272142249055,0.394669230070357,13.6374270536492,-0.000557741411989482,1.76133687402821,6.62433831371884,0.00188888494636848,0.1992566446,0.00593227282394263,0.0127081287226009,0.00283057790790181,0.0012183300358817,0.000210748317135439,0.0139264587584826,0.00276351466700683,0.00387444060874381,0.00259790845919416,-9.2010345781109e-06,0.00017403212153529,0.00386523957416571,0.00261455255930764,505.438388504304,338.908967176691,-1.20031678359898,22.7032813093764,504.238071720707,341.080265691496
"M4_2014.03.07",2014-03-07,"M4","darkorange","Soya/Maize DC",17.9137806411902,26.8677706591093,-3.60941264408844e-05,18.850244832089,9.07119109782582,0.00102652532340231,24.5297483492607,29.5890165878779,0.00227444196153798,26.7338142822839,9.06787788628293,0.00218230082476275,0.2816538422,0.0113360819297188,0.00826385531140852,0.00429658420634813,0.0140341939709655,0.00868321719619467,0.022298049282374,0.0122244206401536,0.0115364920985217,0.00287532402859193,-0.00726001179756297,0.005372064601775,0.00427648030095871,0.00384636034891541,1542.42899357235,384.43082262274,-970.66357733417,718.245037257318,571.765416238178,514.258378649989
"F2_2014.03.06",2014-03-06,"F2","darkgreen","Forest",1.76065338480891,15.4002194590574,-0.00131286632932667,1.27174248591094,1.48626763116742,0.0015832246986574,1.43836498389309,20.3028338937452,-0.00138939384948319,0.918708386958194,4.66203230225965,0.00259245669386112,0.2374500296,0.0360377925239596,0.000590466323308303,0.000439344668036039,0.00285553297494779,0.00190725818054803,0.0034459992982561,0.00152806664751134,0.00738982475109424,0.00197110428484493,-0.000712106060221318,0.000759983006858816,0.00667771869087292,0.00121169778887929,955.974601891552,254.989217939486,-92.120629426812,98.3141653418266,863.853972464739,156.749632143201
"M1_2014.03.06",2014-03-06,"M1","darkorange","Soya/Maize DC",1.14766400686858,12.7200781395327,2.4440134773434e-05,0.967863399404211,7.68383043274059,0.000793026399561904,0.835136287261132,17.2520091839817,-0.00077186326065408,0.618968519806401,4.34173845646732,0.00321752786063868,0.2792601506,0.0251521878416917,0.00401041290116294,0.000671010051453054,0.00116075620856576,0.000387160402161614,0.0051711691097287,0.00101732780060783,0.00639178452436356,0.00243498770727395,0.000453323548222453,4.57273116074069e-05,0.00684510807258601,0.00246842494876366,928.634980182532,353.768928328229,65.8614355060333,6.64352512924756,994.496415688565,358.626881841807
"M2_2014.03.06",2014-03-06,"M2","darkorange","Soya/Maize DC",0.563002295125467,18.049939526816,-0.00065762388246702,0.444440109538557,5.72370060050373,0.000821187571603132,0.552265545686231,20.8766498324562,-0.00202495034141328,1.2900517420342,9.13526966320742,0.00262158818826547,0.1856898352,0.00593634094540681,0.0113627143651301,0.00240371905830614,0.00272467619766396,0.001246944569476,0.0140873905627941,0.00276438830655165,0.0087782877750501,0.00139306041809266,-0.00095543727785403,0.00105094182568069,0.00782285049719607,0.00196039001438266,1145.16754156335,181.731063632997,-124.641135792776,137.100138168344,1020.52640577058,255.74178823992
"M4_2014.03.06",2014-03-06,"M4","darkorange","Soya/Maize DC",0.479072830389327,18.8199881175975,-0.00152125063634227,0.420789921082578,8.21098854211762,0.000714128950211458,0.54144823189337,23.1067071250576,-0.00184913260089698,2.22686928178952,8.53392678464512,0.00419072066601259,0.1921395062,0.00672357787420741,0.0123316668346171,0.00620308264330317,0.0394164819277577,0.0280013415710066,0.0517481487623748,0.0317973551813,0.0130282387009662,0.011851236784774,-0.0265231332514954,0.0195788695229851,-0.0134948945505292,0.0190794022524778,1741.87551431918,1584.51035812428,-3546.14291572494,2617.69485522311,-1804.26740140575,2550.91608115628
"F2_2014.02.25",2014-02-25,"F2","darkgreen","Forest",2.54835980265254,17.1256968473949,-0.000871730558850126,3.25686617103162,5.51689668707623,0.00125615885113582,2.03549630855201,21.4739324001511,-0.000729341649907021,3.76196785328488,7.97842678097214,0.00235715452258956,0.3302016148,0.0464053817119548,0.000468476921895264,0.000242225433756793,0.00134278225129234,0.000350477477755636,0.00181125917318761,0.000388046690430015,0.00912393396095989,0.00123427458829241,-0.000240786033604145,0.000291534949155355,0.00888314792735576,0.00127885451145184,1180.30527513144,159.670249012737,-31.1489568926088,37.7140211498245,1149.15631823883,165.43726998145
"M3_2014.02.25",2014-02-25,"M3","darkorange","Soya/Maize DC",0.182052078711245,5.51756442386789,9.67070995492166e-05,0.216036940746368,2.54696622003311,0.000447832268829095,0.510620905783965,9.10329329563585,-2.222194958343e-05,0.534400731875865,3.56615921101309,0.000968545407314421,0.2160651012,0.0159229385056209,0.0014384900300032,0.000710182124764767,0.00190110299492844,0.000418436702612892,0.00333959302493164,0.00105393543881609,0.00734666845974172,0.00238274245081787,-0.000213555502713287,0.00040811176214077,0.00713311295702843,0.00267068002874506,1110.68269532277,360.22733597365,-32.2857091829268,61.6990782218272,1078.39698613984,403.758262527551
"M4_2014.02.24",2014-02-24,"M4","darkorange","Soya/Maize DC",1.10452935068804,8.56465400028135,0.0001637849329872,0.753007984458179,1.51294332912053,0.000407421614932849,1.7433416872026,11.7852811337644,0.000744431107119451,1.29459315146167,2.86497764406977,0.00130877973451063,0.3757068866,0.0148672783805936,0.00123320189031602,0.00080302289808615,0.00221366858028016,0.000340045950437405,0.00344687047059618,0.000905529527873505,0.00751326958324109,0.00192654739856398,7.29455869912332e-05,0.00114272126322081,0.00775541054211767,0.00173295200058809,1004.52414327933,257.579387188,9.75282498072794,152.781832892622,1036.89838948113,231.695682478629
"M3_2014.02.21",2014-02-21,"M3","darkorange","Soya/Maize DC",1.14790613249596,9.89778208021811,-0.000276181082072053,0.752340413878063,3.11306112723007,0.000463218153579947,0.922134101234633,13.8511905675851,1.28808273786797e-05,0.797285346913133,3.41967538131586,0.000900264018105879,0.2317635812,0.0184981715198938,NA,NA,NA,NA,NA,NA,NA,NA,NA,NA,NA,NA,NA,NA,NA,NA,NA,NA
"F2_2014.02.20",2014-02-20,"F2","darkgreen","Forest",1.04542162205991,16.2160422632745,0.00255021884825875,0.821886308381693,1.29589712916223,0.00449022846250187,1.00691786479053,20.0423287106455,0.00450971050931278,2.13169221491693,3.69920862182199,0.00688720880802112,0.4177399448,0.145167013755344,0.000289790854761801,0.000316752232806007,0.00224552820315454,0.0011979514920744,0.00253531905791634,0.00146572461837961,0.0106403769667824,0.00229414980100494,0.000107491551324245,0.000897902992098061,0.0107478685181067,0.00148583712588231,1376.47785670285,296.779560620909,13.9054979576725,116.155996159594,1390.38335466052,192.213293648232
"M4_2014.02.20",2014-02-20,"M4","darkorange","Soya/Maize DC",0.481590341062705,7.64306751652371,-0.000158565259157039,0.638126470098557,2.78047259879287,0.000251033749469512,1.49088863401258,11.1930874317951,0.000804767922312362,1.58350893423385,4.69757377308599,0.00121687739243872,0.1720476534,0.279527765885884,0.0017406876233511,0.000815772206401722,0.00210288660128941,0.00060478110711763,0.00384357422464051,0.000975119926908447,0.0106425880587212,0.00194661759897754,0.000585510265183465,0.000294166984781174,0.0112280983239047,0.00207559501897431,1422.91402345103,260.262772983294,78.2827224550295,39.3301258652432,1501.19674590606,277.507054036864
"M3_2014.02.18",2014-02-18,"M3","darkorange","Soya/Maize DC",0.722784405591221,16.1923942334929,-0.000147963592059812,0.694815824961604,6.42125197639448,0.000412555189387315,0.694139191151744,18.0689446156364,-2.49150940189966e-05,0.63170363410461,7.2139417519568,0.000931867392991745,0.2703241324,0.0201355547339035,0.00172671481168266,0.000767662970579205,0.00223217964718994,0.0010117408213469,0.0039588944588726,0.00175856608130834,0.0117980250354281,0.00319721768102307,0.000174703368577628,0.00214691311843249,0.0119727284040058,0.00206585339398154,1783.64687581063,483.361182140124,26.411972904054,324.57422872302,1810.05884871469,312.319472199212
"M3_2014.02.14",2014-02-14,"M3","darkorange","Soya/Maize DC",1.3259750408976,11.3699029756643,0.000254580174160936,1.29663065795789,7.11935279075606,0.000675194371955529,2.01983822347273,15.473424631125,6.89258218946265e-05,1.66790143703447,8.53192394267019,0.000646469981612923,0.213215871,0.01561952103282,0.00163003663008791,0.00101101762061816,0.00384007619898209,0.00168104068384592,0.00547011282907,0.00254174989729438,0.00806203261084603,0.00374332168588365,-0.00267422919124172,0.00266567246021143,0.00538780341960433,0.00423857624143176,1218.83274834881,565.922178511318,-404.294831366816,403.001209211966,814.537916981997,640.795662681906
"M4_2014.02.14",2014-02-14,"M4","darkorange","Soya/Maize DC",5.64365926173121,17.8289234751785,-0.000387901800855815,4.67363451612354,8.71646925858532,0.000816846024698335,9.41956848540431,23.4992622741251,0.000130886954586097,4.54155636886082,5.31364732593402,0.00232191439230036,0.2747173658,0.0188718422708051,0.00663275508241672,0.00329285201050305,0.0230012512800969,0.0296931639058017,0.0296340063625136,0.0313358747512687,0.0301826971457776,0.0430461081397069,-0.0240062360241274,0.033945513635557,0.00617646112165018,0.0126249929462001,4035.42660839045,5755.26465827879,-3209.63375642583,4538.51517307397,825.792851964627,1687.96155690695
"F2_2014.02.12",2014-02-12,"F2","darkgreen","Forest",1.01100484596232,14.1618874941816,0.00514256293129445,0.789048691213238,4.85151514503347,0.0123910851845045,0.865307468020634,11.7739851315121,0.00353262901942815,1.15400846912735,10.9298925817187,0.0141751540802705,0.2641694914,0.0067831578930695,0.000859168447246439,0.000267621085465783,0.0012369316875997,0.000202148544366985,0.00209610013484615,0.000333212888279865,0.00429503113221001,0.00127315432318323,2.76942185536825e-05,0.000142416408848521,0.00432272535076369,0.00115066792029859,555.620845557712,164.699872899067,3.58262481835361,18.423504526495,559.203470376066,148.854586416809
"M4_2014.02.12",2014-02-12,"M4","darkorange","Soya/Maize DC",8.28816143817015,20.3314888647106,-0.00043271270859463,7.76036756142231,10.033361402043,0.000292511412386836,10.9605376703531,24.0824590692682,-0.000635078351759559,11.8391715975583,15.1063801458755,0.00208912627190972,0.2530932012,0.0129133952000004,0.000936448962645579,0.000583205439282183,0.000967948002292778,0.00033988041193314,0.00190439696493836,0.000759708682790889,0.00181869929972558,0.000814560639543879,6.8782374218866e-05,0.000254617518582914,0.00188748167394445,0.000670641040220133,243.160096373311,108.906757507017,9.19620343306235,34.0423622345356,252.356299806373,89.6647070774319
"S2_2014.02.12",2014-02-12,"S2","darkblue","Soya SC",-0.139645420392474,50.0096249546381,-0.000118645728617619,0.163594921988513,31.6951607467994,0.000232019740477863,-0.159674691426333,68.8371271524634,0.00060781122620649,1.25379737677095,45.8740494198692,0.000675995891688111,0.194797156,0.0101565729108008,1.90265998387447e-05,3.93888037803195e-05,0.000768814641317765,0.000240866066159375,0.00078784124115651,0.000250349859236035,0.00205951230247639,0.000966659766516139,7.92853137894256e-05,0.000160214351838748,0.00213879761626582,0.00083659801776763,346.948610955637,162.84499143618,13.3565259383725,26.9899561943736,360.305136894009,140.934589147008
"F1_2014.02.11",2014-02-11,"F1","darkgreen","Forest",0.541849966315198,14.3750186458786,-0.00172448839193499,0.443609165478887,4.07914012213608,0.000776271453070695,1.62542867067362,17.3858644733796,-0.00209973925123588,0.809557384387612,5.56377560044827,0.0011569061030874,0.3068762808,0.0502772327914569,0.000109019910196617,0.00016431075739666,0.00264049192385628,0.000750859856158526,0.0027495118340529,0.000834352717570317,0.0101563902949642,0.00166569800532297,-0.00132505800452346,0.000819252064398562,0.00883133229044073,0.00212487488793959,1240.3491647725,203.42336890007,-161.822708802427,100.051158364674,1078.52645597007,259.500345689621
"M1_2014.02.11",2014-02-11,"M1","darkorange","Soya/Maize DC",0.231889479580866,20.7687532053889,-0.000104913677884433,0.26435905237802,13.0589780173902,0.000271114525202451,-0.663734891432543,21.2478790022811,0.0001705284475345,1.5444453045131,12.2281268183422,0.00067599511124545,0.2439255356,0.0118804527187422,1.40810800119454e-05,2.54736322050524e-05,0.00126739812069175,0.000356706769550685,0.00128147920070369,0.0003771401235028,0.00663882286127893,0.000904884711131187,-0.000872728220706503,0.000413589266611466,0.00576609464057242,0.000826034211477989,964.526121417236,131.466821602916,-126.794942922644,60.0886120205514,837.731178494591,120.010970439016
"M3_2014.02.11",2014-02-11,"M3","darkorange","Soya/Maize DC",2.6216219956483,8.66861845253247,-6.92540201053345e-05,2.67850786217755,3.14953267052447,0.000455248041964848,2.78250201491839,8.32565129924453,-0.000398285565843865,2.64737552441149,2.44137130836729,0.000895092974248753,0.1981035308,0.0113712536614919,0.00172078183010684,0.000686747938914612,0.00129254740551528,0.000308613674352693,0.00301332923562211,0.000776977955304008,0.00825173741601341,0.000707589761533918,-0.000802229355372782,0.000271526167952132,0.00744950806064062,0.000445129660202655,1247.51266571184,106.974706675536,-121.282492544085,41.0498197549449,1126.23017316776,67.2955113560913
"F1_2014.02.06",2014-02-06,"F1","darkgreen","Forest",-0.0614991443834231,8.43949095278319,-0.00124671167718722,0.651657580662978,1.983851930713,0.00181327870477181,-1.95671514977221,9.90327343916558,-0.00324519823208196,6.16319848918349,3.42884706897217,0.00489136193367713,0.2507227276,0.0511714918168679,NA,NA,NA,NA,NA,NA,NA,NA,NA,NA,NA,NA,NA,NA,NA,NA,NA,NA
"M2_2014.02.06",2014-02-06,"M2","darkorange","Soya/Maize DC",-0.0492062645626026,21.3706048843067,-0.000708572906962149,0.551907110264877,18.2096855133766,0.00121917286167332,-0.0237206021867688,22.2394363808344,-0.00219607988060872,1.7587056861856,18.4466478492181,0.00278660892584206,0.2252896032,0.00861837547462685,NA,NA,NA,NA,NA,NA,NA,NA,NA,NA,NA,NA,NA,NA,NA,NA,NA,NA
"M4_2014.02.06",2014-02-06,"M4","darkorange","Soya/Maize DC",3.19161449446337,8.37801409934258,-0.000311566876592492,3.36426456688185,1.89723665254206,0.000462446533954713,3.22285918688529,10.2210760092146,0.00144045890713843,2.22571421224766,3.75823875864233,0.000580143497706645,0.2273964702,0.00345239668252915,NA,NA,NA,NA,NA,NA,NA,NA,NA,NA,NA,NA,NA,NA,NA,NA,NA,NA
"F2_2014.02.05",2014-02-05,"F2","darkgreen","Forest",1.98974748681475,15.0074596498832,-0.000107950674839523,1.2132461853494,2.88453913686798,0.00260825823082306,2.85190816135945,20.6883800264719,-0.000821138949875562,1.98994167294656,2.69944585988129,0.00541784734296139,0.2206610618,0.0184213355747644,0.0003845078378882,0.000608865180054917,0.00218607934470327,0.000561868684509617,0.00257058718259147,0.0005129933987462,0.00872693442684091,0.00100850567896668,-0.000741909948008907,0.000311210314999456,0.007985024478832,0.00130553700872558,1128.94797176314,130.463961924506,-95.9761687287884,40.2592980222023,1032.97180303436,168.889014856047
"M3_2014.01.30",2014-01-30,"M3","darkorange","Soya/Maize DC",1.87454658853031,12.2225018687767,-0.00046206761964588,1.8886199633258,6.77399367222676,0.000550591064215544,2.19195772688444,16.4255904500395,-0.00053500519114884,2.08581745230334,1.15331726401926,0.0020398514148914,0.1622153114,0.00635067326787976,0.000402043829100136,0.000516367397608251,0.0015333624898069,0.000508894471770767,0.00193540631890703,0.000692890171714307,NA,NA,NA,NA,NA,NA,NA,NA,NA,NA,NA,NA
"S1_2014.01.30",2014-01-30,"S1","darkblue","Soya SC",0.532446493861899,34.2499690672531,-0.00045222915166759,0.996677269508181,26.9300918953737,0.000431198062387054,-0.0810115716109894,34.4350419897292,-0.00050851264434404,0.786854341580967,27.8420118441504,0.00100990911578548,0.1609922752,0.00957702343563828,0,0,0.000919036187766216,0.000215564642115489,0.000919036187766216,0.000215564642115489,NA,NA,NA,NA,NA,NA,NA,NA,NA,NA,NA,NA
"F3_2014.01.29",2014-01-29,"F3","darkgreen","Forest",0.230802453775419,13.9720220292619,-0.00163375297661869,0.412611892459224,2.11108299794436,0.000776318058227921,0.092840343933428,20.9781921239635,-0.00191565669047765,0.75997182263606,4.59232799156142,0.00151168549859849,0.2190121102,0.0163705317327793,0.00109778972522586,0.00155165910593275,0.0032722288021975,0.00363037737094575,0.00437001852742335,0.0050127363506556,0.0130055292521666,0.00907134144061343,-0.0010138015025529,0.00178443202020061,0.0127556196893831,0.00989664453775096,1522.8292433446,1062.17161595547,-118.706939571648,208.940767456217,1493.56710544777,1158.80710587484
"M1_2014.01.29",2014-01-29,"M1","darkorange","Soya/Maize DC",0.155843213192348,22.3816522878109,-0.000121076368694915,0.3893624803596,16.6114054418223,0.000459522797764584,0.370157806771418,23.979114199962,0.00038948663182582,1.04614143317755,16.9952834170873,0.00216619256806168,0.2292830038,0.00749622882148662,0.000136095933090685,0.00028174534857733,0.00346657199310489,0.000600169591219505,0.00360266792619558,0.00054968691343216,0.00909165350310322,0.00266832567038398,-0.00133362356225519,0.000447737673844508,0.00775802994084803,0.00241450204315968,1320.88737323657,387.669600968647,-193.756451830504,65.0498877571238,1127.13092140606,350.792653984771
"M1_2013.12.19",2013-12-19,"M1","darkorange","Soya/Maize DC",0.087056425278776,27.0754180869826,-0.000833411262727375,0.722945910668407,6.2542353987165,0.00549015083255734,1.28241509457228,28.5160687308657,-0.0110705360035816,4.68845266796207,8.35336686182855,0.0377845630968047,0.2623928006,0.00715609904272734,NA,NA,NA,NA,NA,NA,NA,NA,NA,NA,NA,NA,NA,NA,NA,NA,NA,NA
"S2_2013.12.19",2013-12-19,"S2","darkblue","Soya SC",0.411835166063051,14.7820952255598,-0.00118826888201572,1.43952341407114,5.07501362462963,0.0163297066807865,-0.682996408001736,18.8262838676683,-0.00891786751004577,3.62297787155632,6.21895991655664,0.0118020723805602,0.2235827592,0.124315425046643,NA,NA,NA,NA,NA,NA,NA,NA,NA,NA,NA,NA,NA,NA,NA,NA,NA,NA
"F2_2013.12.18",2013-12-18,"F2","darkgreen","Forest",4.07706442300074,17.2745191079974,-0.00627632551723892,3.94593515780353,2.60772295459111,0.0131180733769726,3.94415825428227,22.2465098600869,-0.0146992204484997,5.33056769826796,5.49874571247543,0.0270553501900367,0.262570772,0.0314140848509602,NA,NA,NA,NA,NA,NA,NA,NA,NA,NA,NA,NA,NA,NA,NA,NA,NA,NA
"M3_2013.12.18",2013-12-18,"M3","darkorange","Soya/Maize DC",0.349551605886182,33.645998075825,-0.00266405636608295,0.889832760314298,19.9171839627211,0.00463025096467153,2.45069264878313,46.0959960536549,0.014382562317082,4.09953579730978,25.1874442945507,0.0269863652151505,0.2570390134,0.0112279295366092,NA,NA,NA,NA,NA,NA,NA,NA,NA,NA,NA,NA,NA,NA,NA,NA,NA,NA
"S1_2013.12.18",2013-12-18,"S1","darkblue","Soya SC",0.456707362868038,12.3815156275667,-0.000286202028816186,0.915153121942877,1.81775755212735,0.00185246882164638,-0.227322480664867,13.365824783645,0.00340911225743123,1.99489167566217,1.24753159054381,0.0066170134441176,0.248669392307692,0.0163488152733501,NA,NA,NA,NA,NA,NA,NA,NA,NA,NA,NA,NA,NA,NA,NA,NA,NA,NA
"F1_2013.12.17",2013-12-17,"F1","darkgreen","Forest",NA,NA,NA,NA,NA,NA,NA,NA,NA,NA,NA,NA,0.2816991302,0.0426945875623879,NA,NA,NA,NA,NA,NA,NA,NA,NA,NA,NA,NA,NA,NA,NA,NA,NA,NA
"F2_2013.12.17",NA,"F2","darkgreen","Forest",1.43994125534704,14.9286047911507,-0.000558856541031898,0.93064305273658,2.2537222390992,0.00171973281008597,2.60973540786523,15.7072678558551,-0.000760780414252215,1.19031853895481,3.58477976619307,0.0039295814675324,NA,NA,NA,NA,NA,NA,NA,NA,NA,NA,NA,NA,NA,NA,NA,NA,NA,NA,NA,NA
"F3_2013.12.17",2013-12-17,"F3","darkgreen","Forest",2.72475325009842,13.7871960074604,-0.00139885985362844,2.0523154920618,2.15045463613444,0.00389716172152781,5.91340935287626,15.426915754799,-0.00944201759515053,7.45890073607726,4.51530456089484,0.0132754607270888,0.3243153842,0.11452197448895,NA,NA,NA,NA,NA,NA,NA,NA,NA,NA,NA,NA,NA,NA,NA,NA,NA,NA
"M2_2013.12.17",2013-12-17,"M2","darkorange","Soya/Maize DC",-1.03488559322684,19.1207502215044,-0.00234440777229828,0.758293774933163,3.97858362770842,0.00146490823288429,1.0416777689596,28.2464243650113,0.00173767665621849,2.45464796309268,11.4986166733434,0.00437902321262681,0.293278247,0.0463525027226797,NA,NA,NA,NA,NA,NA,NA,NA,NA,NA,NA,NA,NA,NA,NA,NA,NA,NA
"F1_2013.07.24",2013-07-24,"F1","darkgreen","Forest",0.0349617028523344,4.82273860533104,-0.00228808221966912,0.719025300174771,2.50751650371407,0.00106461376978686,1.80763980619387,6.73397409582922,-0.00228167821174268,1.26243951792825,2.19816309437451,0.00516574161942664,0.1700853042,0.0116491868865564,NA,NA,NA,NA,NA,NA,NA,NA,NA,NA,NA,NA,NA,NA,NA,NA,NA,NA
"M3_2013.07.24",2013-07-24,"M3","darkorange","Soya/Maize DC",-0.100807588940285,1.00624570636355,-0.000368102012950147,0.556375178727308,0.479756080220555,0.00123584925015634,0.979957152640003,1.63961713561025,-0.00290648272156292,2.03279331299389,2.24757128038563,0.0061111172641742,0.0952319534,0.00698493940526821,NA,NA,NA,NA,NA,NA,NA,NA,NA,NA,NA,NA,NA,NA,NA,NA,NA,NA
"S2_2013.07.24",2013-07-24,"S2","darkblue","Soya SC",0.0721196142903233,-1.09313257845034,0.000373001577674239,0.830769753446561,4.98484406105108,0.00429714312910724,0.487178814088139,1.35622580487253,-0.00143482356696108,4.7126708150059,5.24455511209734,0.00896676542899508,0.0518900672,0.00593601910806465,NA,NA,NA,NA,NA,NA,NA,NA,NA,NA,NA,NA,NA,NA,NA,NA,NA,NA
"F3_2013.07.23",2013-07-23,"F3","darkgreen","Forest",0.126927937376153,3.84093524493908,-0.00087719979003306,1.17885589043203,2.01759809081261,0.00163129328078467,2.17182421090569,3.52871236060038,0.00115015377922199,1.35651139528605,0.926239599204144,0.00423472157806832,0.1662298054,0.010410032271679,NA,NA,NA,NA,NA,NA,NA,NA,NA,NA,NA,NA,NA,NA,NA,NA,NA,NA
"M2_2013.07.23",2013-07-23,"M2","darkorange","Soya/Maize DC",0.0639322778717832,3.22551011551,-0.000319969501463701,1.12691122066193,0.64272505685819,0.000728914386405631,0.27259227924859,4.51067782956308,0.000606568651477534,2.50747880786796,2.38390411511417,0.00167799744920392,0.241317531,0.0103774744235314,NA,NA,NA,NA,NA,NA,NA,NA,NA,NA,NA,NA,NA,NA,NA,NA,NA,NA
"M4_2013.07.23",2013-07-23,"M4","darkorange","Soya/Maize DC",-0.348954936229175,1.1680998272693,-0.000211214396396222,0.44509594407807,0.548824593387439,0.00085017821470083,-2.67096105777082,0.532857363822718,-0.00041760538710554,1.73277665778985,1.81584154348733,0.00477711812696289,0.1251862614,0.0262045177196155,NA,NA,NA,NA,NA,NA,NA,NA,NA,NA,NA,NA,NA,NA,NA,NA,NA,NA
"F2_2013.07.19",2013-07-19,"F2","darkgreen","Forest",0.14686717900521,3.72392430241691,-0.00188006043891483,0.478098464961955,1.76341573657849,0.00270454499761495,1.10864307538335,4.17915991805979,-0.00755748009056039,1.37356396656388,3.36468558524689,0.00900116369698101,0.171613686833333,0.00803924208612033,NA,NA,NA,NA,NA,NA,NA,NA,NA,NA,NA,NA,NA,NA,NA,NA,NA,NA
"M1_2013.07.19",2013-07-19,"M1","darkorange","Soya/Maize DC",-0.369214192654884,1.20880963886134,-7.48963708961256e-05,1.25457959258661,0.545643675180168,0.00122032015559171,-0.71126693847942,1.83968509235948,0.0035427406479318,2.20352297712805,0.970715927554515,0.00270720278941144,0.108916016166667,0.010758119498342,NA,NA,NA,NA,NA,NA,NA,NA,NA,NA,NA,NA,NA,NA,NA,NA,NA,NA
"S1_2013.07.19",2013-07-19,"S1","darkblue","Soya SC",0.410880579697276,1.65235883625724,3.0093162942862e-05,0.75124304533483,0.679538738390086,0.00192270318278397,0.191020430946135,1.6473946339736,0.00116285771417586,0.705519628438942,1.61006745900317,0.00446895226752742,0.096349904,0.0140761279220301,NA,NA,NA,NA,NA,NA,NA,NA,NA,NA,NA,NA,NA,NA,NA,NA,NA,NA
"F2_2013.07.17",2013-07-17,"F2","darkgreen","Forest",0.0839811462485092,3.15684726835766,0.000673659357939991,0.45210909756692,2.69130518653951,0.00304413714742212,0.271753020552044,-0.0934734959330046,-0.000541728199317332,1.88507125321062,8.21738074140006,0.0062211337184494,0.1826996962,0.0102927253721407,NA,NA,NA,NA,NA,NA,NA,NA,NA,NA,NA,NA,NA,NA,NA,NA,NA,NA
"M1_2013.07.17",2013-07-17,"M1","darkorange","Soya/Maize DC",-0.226219283967542,1.02188378425723,-0.000384310158874159,1.05457973771334,0.767618573120384,0.000769320033090132,-1.15113099726749,0.961801222101875,-0.000659942930506424,3.37129423817124,1.5485807824997,0.00394304531976313,0.1163740044,0.00773160648588428,NA,NA,NA,NA,NA,NA,NA,NA,NA,NA,NA,NA,NA,NA,NA,NA,NA,NA
"S1_2013.07.17",2013-07-17,"S1","darkblue","Soya SC",-0.154025801745033,2.37074678589554,-0.000906215669052832,0.813447036213902,0.796516711664095,0.00201967802758026,-0.466804539815503,2.64901645417466,-0.00119404809934907,1.98325599375699,2.74802398262699,0.00496225258641746,0.0968004546,0.0059717612062328,NA,NA,NA,NA,NA,NA,NA,NA,NA,NA,NA,NA,NA,NA,NA,NA,NA,NA
"F2_2013.07.04",2013-07-04,"F2","darkgreen","Forest",0.212504395783519,5.44691599315395,-0.00158905566355877,0.860436361791167,0.938045245532715,0.00145014404109382,-0.379716933368526,3.99952465851327,-0.0033316161266042,1.82409526696336,5.71803909475251,0.00375440312020174,0.1616197366,0.00557155375823026,NA,NA,NA,NA,NA,NA,NA,NA,NA,NA,NA,NA,NA,NA,NA,NA,NA,NA
"M1_2013.07.04",2013-07-04,"M1","darkorange","Soya/Maize DC",0.360444011756289,1.45048920307258,-0.000787015321281123,0.165545427358744,0.412129680965052,0.00204430299502339,2.05118248001637,2.26739881154835,-0.00063219263512747,1.28795939855787,1.94414395185603,0.00731695016997085,0.126202676,0.00683334822411782,NA,NA,NA,NA,NA,NA,NA,NA,NA,NA,NA,NA,NA,NA,NA,NA,NA,NA
"S1_2013.07.04",2013-07-04,"S1","darkblue","Soya SC",0.00737958231719513,1.90924382328268,6.0617017799158e-05,0.372286356008166,0.987965696287852,0.00301787550532916,1.01553951356011,3.38483237639726,-0.00183169670343069,1.07062678054624,0.508208320204645,0.00279740598192476,0.111238326,0.00923166053880273,NA,NA,NA,NA,NA,NA,NA,NA,NA,NA,NA,NA,NA,NA,NA,NA,NA,NA
"M1_2013.07.01",2013-07-01,"M1","darkorange","Soya/Maize DC",-0.169054760374538,1.02066366048855,0.000200056834305962,0.713907759574726,0.830850378443496,0.00228804425728433,0.4000916977895,0.81080168541607,-0.00410551416488764,2.79357337917584,3.2133588148815,0.00690102055699681,0.116434333,0.00890437356783783,NA,NA,NA,NA,NA,NA,NA,NA,NA,NA,NA,NA,NA,NA,NA,NA,NA,NA
"S1_2013.07.01",2013-07-01,"S1","darkblue","Soya SC",-0.140198270875673,2.83991818672126,0.000220082745930112,0.362708520798133,0.951932827761365,0.0014413118819542,-0.231115742836339,2.35241696153256,-0.000282082159190762,2.02312672705563,4.07122030178924,0.00979638389000885,0.1162533592,0.0138015328099439,NA,NA,NA,NA,NA,NA,NA,NA,NA,NA,NA,NA,NA,NA,NA,NA,NA,NA
"F2_2013.06.27",2013-06-27,"F2","darkgreen","Forest",0.151601072710409,5.91561165088519,0.000176971408405886,0.88351696240386,2.05435561816061,0.00437877129043301,0.250536139711124,8.14694592182294,0.00111890988413679,2.11559059395918,4.05859752848356,0.00580848407552116,0.193463818,0.0127313199281736,NA,NA,NA,NA,NA,NA,NA,NA,NA,NA,NA,NA,NA,NA,NA,NA,NA,NA
"M1_2013.06.27",2013-06-27,"M1","darkorange","Soya/Maize DC",-0.151697009745073,0.765403454849506,-0.00178195711374657,0.948738348159589,0.839160270280587,0.00162224737406903,0.133184588376958,-1.3945601768916,-0.0046921993303261,2.52291795858896,7.88528241618594,0.0116099113577907,0.1316582842,0.00415827051373276,NA,NA,NA,NA,NA,NA,NA,NA,NA,NA,NA,NA,NA,NA,NA,NA,NA,NA
"S1_2013.06.27",2013-06-27,"S1","darkblue","Soya SC",0.456158601854701,3.31296876062804,0.000515889264610737,0.647899965991701,1.25120641998605,0.000996427475886129,1.92440458532572,6.60549022460456,0.0013629910768271,1.4847482413671,2.75216588183638,0.00228677460662565,0.1431276004,0.00766929491500332,NA,NA,NA,NA,NA,NA,NA,NA,NA,NA,NA,NA,NA,NA,NA,NA,NA,NA
"F2_2013.06.25",2013-06-25,"F2","darkgreen","Forest",-0.417516347586077,5.14185505906939,-0.00237928461402061,0.914890405438908,1.23134609901792,0.00228623178849668,-0.975593532168043,4.79627252529025,-0.0015446539363234,2.10469107007822,2.05514614180841,0.00275186411362646,0.2041295778,0.00546907944838251,NA,NA,NA,NA,NA,NA,NA,NA,NA,NA,NA,NA,NA,NA,NA,NA,NA,NA
"M1_2013.06.25",2013-06-25,"M1","darkorange","Soya/Maize DC",0.499649283217881,1.51931457706864,-0.000590570575156521,1.39397843954961,0.721734059528914,0.000887970262046694,0.671013600137922,1.40796391708213,-0.00259514955993579,2.73868973217052,2.12400789807196,0.00194306902938774,0.1376126546,0.00709861528837102,NA,NA,NA,NA,NA,NA,NA,NA,NA,NA,NA,NA,NA,NA,NA,NA,NA,NA
"S1_2013.06.25",2013-06-25,"S1","darkblue","Soya SC",0.00386132217711155,3.15116533581499,0.000129138597946275,0.447646978190755,1.06230670829762,0.000947285454397604,-1.68887844877105,3.27711469859269,-0.000557865024879932,1.80916473911853,4.1491930714627,0.003982489837737,0.1579564428,0.00847105407700278,NA,NA,NA,NA,NA,NA,NA,NA,NA,NA,NA,NA,NA,NA,NA,NA,NA,NA
"F2_2013.06.20",2013-06-20,"F2","darkgreen","Forest",0.1038750186542,4.39010471176741,-0.00300965159008324,1.05526841616886,1.0910148025727,0.00232140538708128,0.9780998308089,6.78292700509703,-0.00243030740212632,1.89582717297017,1.48587158500896,0.00239402474977202,0.180945933,0.0125679272517319,NA,NA,NA,NA,NA,NA,NA,NA,NA,NA,NA,NA,NA,NA,NA,NA,NA,NA
"M1_2013.06.20",2013-06-20,"M1","darkorange","Soya/Maize DC",0.230724786291564,1.33921819291768,-0.000200578672844794,0.860220738393441,0.529192599572742,0.000887914385641563,-0.197008058421908,1.83848581933876,0.00213687964132616,0.856659184730692,2.53468194881105,0.00250616283224,0.1364047082,0.00366564788387037,NA,NA,NA,NA,NA,NA,NA,NA,NA,NA,NA,NA,NA,NA,NA,NA,NA,NA
"S1_2013.06.20",2013-06-20,"S1","darkblue","Soya SC",0.372134614748108,3.18056779215247,-0.000448239427549327,1.46381544675768,0.787624021715675,0.0012652078514017,0.643458614996198,3.61508585564284,-0.00258026158181896,2.68057778452154,1.22067190833697,0.00345553988851165,0.0956738014,0.00414582321389126,NA,NA,NA,NA,NA,NA,NA,NA,NA,NA,NA,NA,NA,NA,NA,NA,NA,NA
"M2_2013.06.18",2013-06-18,"M2","darkorange","Soya/Maize DC",-0.258579167775286,0.732090762276255,-0.0020187806384746,0.366242437392415,0.448114059018283,0.0020837214121521,-0.832814375639442,1.36928625866857,-0.00253604182109869,0.58069705598392,1.97708346245862,0.00811931400383351,0.1665552706,0.0065484919224671,NA,NA,NA,NA,NA,NA,NA,NA,NA,NA,NA,NA,NA,NA,NA,NA,NA,NA
"M3_2013.06.18",2013-06-18,"M3","darkorange","Soya/Maize DC",0.387772651096199,1.74524152597512,-0.000318240547277407,0.501956186541546,1.4503541048038,0.00195468960722112,-0.194854195541631,2.75257688248035,0.00242685251957875,3.19490334453205,3.43368508171254,0.00442003515550947,0.1289585496,0.00370659508489198,NA,NA,NA,NA,NA,NA,NA,NA,NA,NA,NA,NA,NA,NA,NA,NA,NA,NA
"M4_2013.06.18",2013-06-18,"M4","darkorange","Soya/Maize DC",-0.500327007719804,1.85019320633597,-0.00193384740099852,0.308100049637379,1.10320543109564,0.00135438161360429,-0.111531572020511,2.0695803780028,-0.00315806304431097,2.09650242302515,3.355954971909,0.0057267353992812,0.179294871,0.0145137515829391,NA,NA,NA,NA,NA,NA,NA,NA,NA,NA,NA,NA,NA,NA,NA,NA,NA,NA
"S2_2013.06.18",2013-06-18,"S2","darkblue","Soya SC",-0.128266799284545,1.37788570372349,0.000717244164357022,0.595388304603099,0.341909189869165,0.00233298095370324,-0.220935202920495,1.32401316817706,0.00111384191547095,0.858312921653995,1.39010248939827,0.00749108194861035,0.0822180582,0.00307047562303139,NA,NA,NA,NA,NA,NA,NA,NA,NA,NA,NA,NA,NA,NA,NA,NA,NA,NA
"F3_2013.06.14",2013-06-14,"F3","darkgreen","Forest",0.143003335837808,4.3986433910674,-0.00117570343909506,0.320053436979528,1.20375233668714,0.00113036993956708,-0.0253616682393342,7.6090061400473,-0.00199059347039284,2.34153059672744,1.60894049061732,0.00450048168631211,0.1745939842,0.00893030695123098,NA,NA,NA,NA,NA,NA,NA,NA,NA,NA,NA,NA,NA,NA,NA,NA,NA,NA
"M1_2013.06.14",2013-06-14,"M1","darkorange","Soya/Maize DC",-0.067265309081599,1.44726711431317,-0.000482468341762667,0.9442686983243,0.838334676383216,0.00085717805691954,-0.710223541761645,-0.160639186977475,-0.00153176898812414,1.97949336114684,2.76889656853117,0.00349520462919664,0.1615290488,0.0187134386806244,NA,NA,NA,NA,NA,NA,NA,NA,NA,NA,NA,NA,NA,NA,NA,NA,NA,NA
"F2_2013.06.13",2013-06-13,"F2","darkgreen","Forest",0.114389757862365,4.85768471147428,-0.00190191110335043,1.11509055837747,1.13685227160311,0.00122939805221689,-0.086050534554478,5.32620712493224,-0.00214204777924013,2.97771435186211,2.42292552964414,0.00494122473333387,0.1738313116,0.00858069838161558,NA,NA,NA,NA,NA,NA,NA,NA,NA,NA,NA,NA,NA,NA,NA,NA,NA,NA
"S1_2013.06.13",2013-06-13,"S1","darkblue","Soya SC",-0.103173493512132,3.11942626475956,0.000258126050317979,0.518407348913614,0.653429101460222,0.00133292459560397,0.595825714644405,3.5511977539794,0.000441896814951874,1.57720693511722,2.47719237256534,0.00173296752892939,0.1046022868,0.0150740211237512,NA,NA,NA,NA,NA,NA,NA,NA,NA,NA,NA,NA,NA,NA,NA,NA,NA,NA
"F1_2013.06.11",2013-06-11,"F1","darkgreen","Forest",0.415553087846223,5.36438788005417,-0.00100435683437284,0.432443425985615,1.14241242381152,0.001672289472612,0.815759415510123,3.82240289040249,-0.000943489168506392,2.55013542717069,5.87174107921349,0.00822865576329816,0.206277107,0.0247918928480177,NA,NA,NA,NA,NA,NA,NA,NA,NA,NA,NA,NA,NA,NA,NA,NA,NA,NA
NA,NA,"S3",NA,NA,NA,NA,NA,NA,NA,NA,NA,NA,NA,NA,NA,NA,NA,NA,0.000105145319360908,0.000244877210186624,0.00174153733409884,0.000412856087725114,0.00184668265345975,0.000588388701989263,0.00792886847141174,0.00313493734449415,-0.00155229357872688,0.000592747179155191,0.00637657489268487,0.00274579257202216,1032.39672292644,297.496689228599,-204.078166730986,61.111600882797,828.318556195448,272.989345179483
NA,NA,NA,NA,NA,NA,NA,NA,NA,NA,NA,NA,NA,NA,NA,NA,NA,NA,NA,0.000105145319360908,0.000244877210186624,0.00174153733409884,0.000412856087725114,0.00184668265345975,0.000588388701989263,0.00792886847141174,0.00313493734449415,-0.00155229357872688,0.000592747179155191,0.00637657489268487,0.00274579257202216,1032.39672292644,297.496689228599,-204.078166730986,61.111600882797,828.318556195448,272.989345179483
