sampleID,extinc,date,Site,LUtype,Chamber,DateField,DateLab1,DateLab2Inc,DateIncGuess,IncBlank,ExtractionSoilWeight,ExtractantVol,SoilWetWeight_DarroMinusBaggie,SoilDryWeight_TownMinusPapBag,CENAnitrppm,CENAammppm,CENAnitrppmBnks,CENAammppmBnks,CENAnitrppmBnkCor,CENAammppmBnkCor,MBLnitrppm,MBLammppm,NotesN,DiscardN
ext bnk 29012014,bnk,1/29/14,NA,NA,NA,NA,1/29/14,NA,NA,NA,NA,50,NA,NA,0.0563,0.0553238,NA,NA,NA,NA,,,,
ext bnk 29012014,bnk,1/29/14,NA,NA,NA,NA,1/29/14,NA,NA,NA,NA,50,NA,NA,0.0563,0.0475524,NA,NA,NA,NA,,,,
ext bnk 29012014,bnk,1/29/14,NA,NA,NA,NA,1/29/14,NA,NA,NA,NA,50,NA,NA,0.0563,0.0422822,NA,NA,NA,NA,,,,
extr F3A_29012014,ext,1/29/14,F3,F,A,1/29/14,1/29/14,NA,NA,NA,9.76,50,194.11,161.89,0.0563,0.5393034,0.0563,0.0553238,0,0.490917267,,,,
extr F3B_29012014,ext,1/29/14,F3,F,B,1/29/14,1/29/14,NA,NA,NA,10.03,50,115.48,93.09,0.0563,0.3425614,0.0563,0.0475524,0,0.294175267,,,,
extr F3C_29012014,ext,1/29/14,F3,F,C,1/29/14,1/29/14,NA,NA,NA,9.63,50,132.07,109.69,0.6438,1.596869,0.0563,0.0422822,0.5875,1.548482867,,,,
extr F3D_29012014,ext,1/29/14,F3,F,D,1/29/14,1/29/14,NA,NA,NA,9.7,50,105.43,85.59,0.0563,-0.1779222,NA,NA,0,-0.226308333,,,,
extr F3E_29012014,ext,1/29/14,F3,F,E,1/29/14,1/29/14,NA,NA,NA,10.01,50,138.3,113.39,0.32505,0.264135,NA,NA,0.26875,0.215748867,,,,
extr M1A_29012014,ext,1/29/14,M1,M,A,1/29/14,1/29/14,NA,NA,NA,9.81,50,100.94,82.79,0.0563,0.533807,0.0563,0.0553238,0,0.485420867,,,,
extr M1B_29012014,ext,1/29/14,M1,M,B,1/29/14,1/29/14,NA,NA,NA,9.75,50,137.88,111.69,0.0563,0.5063172,0.0563,0.0475524,0,0.457931067,,,,
extr M1C_29012014,ext,1/29/14,M1,M,C,1/29/14,1/29/14,NA,NA,NA,9.9,50,123.59,100.99,0.16255,0.5160776,0.0563,0.0422822,0.10625,0.467691467,,,,
extr M1D_29012014,ext,1/29/14,M1,M,D,1/29/14,1/29/14,NA,NA,NA,10.07,50,120.35,97.89,0.0563,0.7591152,NA,NA,0,0.710729067,,,,
extr M1E_29012014,ext,1/29/14,M1,M,E,1/29/14,1/29/14,NA,NA,NA,9.59,50,139.8,112.79,0.0563,0.601446,NA,NA,0,0.553059867,,,,
ext bnk 30012014,bnk,1/30/14,NA,NA,NA,NA,1/30/14,NA,NA,NA,NA,50,NA,NA,0.0563,0.0436628,NA,NA,NA,NA,,,,
ext bnk 30012014,bnk,1/30/14,NA,NA,NA,NA,1/30/14,NA,NA,NA,NA,50,NA,NA,0.0563,0.0417466,NA,NA,NA,NA,,,,
ext bnk 30012014,bnk,1/30/14,NA,NA,NA,NA,1/30/14,NA,NA,NA,NA,50,NA,NA,0.0563,0.0389932,NA,NA,NA,NA,,,,
extr M3A_30012014,ext,1/30/14,M3,M,A,1/30/14,1/30/14,NA,NA,NA,10.1,50,132.84,113.89,0.0563,0.2732012,0.0563,0.0436628,0,0.231733667,,,,
extr M3B_30012014,ext,1/30/14,M3,M,B,1/30/14,1/30/14,NA,NA,NA,10.87,50,123.27,105.19,0.30005,0.288419,0.0563,0.0417466,0.24375,0.246951467,,,,
extr M3C_30012014,ext,1/30/14,M3,M,C,1/30/14,1/30/14,NA,NA,NA,10.53,50,162.6,140.19,0.11255,0.4750834,0.0563,0.0389932,0.05625,0.433615867,,,,
extr M3D_30012014,ext,1/30/14,M3,M,D,1/30/14,1/30/14,NA,NA,NA,9.97,50,135.73,117.19,0.11255,0.2064826,NA,NA,0.05625,0.165015067,,,,
extr M3E_30012014,ext,1/30/14,M3,M,E,1/30/14,1/30/14,NA,NA,NA,10.39,50,142.6,123.49,0.0563,0.2996302,NA,NA,0,0.258162667,,,,
extr S1A_30012014,ext,1/30/14,S1,S,A,1/30/14,1/30/14,NA,NA,NA,10.42,50,113.82,98.79,0.0563,0.1733222,0.0563,0.0436628,0,0.131854667,,,,
extr S1B_30012014,ext,1/30/14,S1,S,B,1/30/14,1/30/14,NA,NA,NA,10.44,50,115.26,99.49,0.0563,0.2225038,0.0563,0.0417466,0,0.181036267,,,,
extr S1C_30012014,ext,1/30/14,S1,S,C,1/30/14,1/30/14,NA,NA,NA,9.88,50,137.16,118.39,0.0563,0.2000424,0.0563,0.0389932,0,0.158574867,,,,
extr S1D_30012014,ext,1/30/14,S1,S,D,1/30/14,1/30/14,NA,NA,NA,10.49,50,151.83,128.79,0.0563,0.1509154,NA,NA,0,0.109447867,,,,
extr S1E_30012014,ext,1/30/14,S1,S,E,1/30/14,1/30/14,NA,NA,NA,9.69,50,164.38,142.09,0.0563,0.2411874,NA,NA,0,0.199719867,,,,
incub F2A_05022014,inc,2/5/14,F2,F,A,2/5/14,2/5/14,2/12/14,Y,2/12/14,10.1,50,NA,NA,1.04085,0.2715561,0.0215,0.0408389,1.01935,0.237078333,,,,
incub F2B_05022014,inc,2/5/14,F2,F,B,2/5/14,2/5/14,2/12/14,Y,2/12/14,10.12,50,NA,NA,1.2055,0.374284,0.0215,0.036956,1.184,0.339806233,,,,
incub F2C_05022014,inc,2/5/14,F2,F,C,2/5/14,2/5/14,2/12/14,Y,2/12/14,10.57,50,NA,NA,NA,NA,0.0215,0.0256384,NA,NA,,,,
incub F2D_05022014,inc,2/5/14,F2,F,D,2/5/14,2/5/14,2/12/14,Y,2/12/14,9.61,50,NA,NA,NA,NA,NA,NA,NA,NA,,,,
incub F2E_05022014,inc,2/5/14,F2,F,E,2/5/14,2/5/14,2/12/14,Y,2/12/14,10.23,50,NA,NA,1.3568,0.26139,NA,NA,1.3353,0.226912233,,,,
inc F1A_06-02-14,inc,2/6/14,F1,F,A,NA,NA,NA,NA,NA,NA,NA,NA,NA,NA,NA,NA,NA,NA,NA,,,This lab work got messed up in the field; disregard results,Y
inc  F1B_06-02-14,inc,2/6/14,F1,F,B,NA,NA,NA,NA,NA,NA,NA,NA,NA,NA,NA,NA,NA,NA,NA,,,This lab work got messed up in the field; disregard results,Y
inc F1C_06-02-14,inc,2/6/14,F1,F,C,NA,NA,NA,NA,NA,NA,NA,NA,NA,NA,NA,NA,NA,NA,NA,,,This lab work got messed up in the field; disregard results,Y
inc F1D_06-02-14,inc,2/6/14,F1,F,D,NA,NA,NA,NA,NA,NA,NA,NA,NA,NA,NA,NA,NA,NA,NA,,,This lab work got messed up in the field; disregard results,Y
inc F1E_06-02-14,inc,2/6/14,F1,F,E,NA,NA,NA,NA,NA,NA,NA,NA,NA,NA,NA,NA,NA,NA,NA,,,This lab work got messed up in the field; disregard results,Y
inc M2A_06-02-14,inc,2/6/14,M2,M,A,NA,NA,NA,NA,NA,NA,NA,NA,NA,NA,NA,NA,NA,NA,NA,,,This lab work got messed up in the field; disregard results,Y
inc M2B_06-02-14,inc,2/6/14,M2,M,B,NA,NA,NA,NA,NA,NA,NA,NA,NA,NA,NA,NA,NA,NA,NA,,,This lab work got messed up in the field; disregard results,Y
inc M2C_06-02-14,inc,2/6/14,M2,M,C,NA,NA,NA,NA,NA,NA,NA,NA,NA,NA,NA,NA,NA,NA,NA,,,This lab work got messed up in the field; disregard results,Y
inc M2D_ 06-02-14,inc,2/6/14,M2,M,D,NA,NA,NA,NA,NA,NA,NA,NA,NA,NA,NA,NA,NA,NA,NA,,,This lab work got messed up in the field; disregard results,Y
inc M2E_06-02-14,inc,2/6/14,M2,M,E,NA,NA,NA,NA,NA,NA,NA,NA,NA,NA,NA,NA,NA,NA,NA,,,This lab work got messed up in the field; disregard results,Y
inc SA_06-02-14,inc,2/6/14,S3,S,A,NA,NA,NA,NA,NA,NA,NA,NA,NA,NA,NA,NA,NA,NA,NA,,,This lab work got messed up in the field; disregard results,Y
inc SB_06-02-14,inc,2/6/14,S3,S,B,NA,NA,NA,NA,NA,NA,NA,NA,NA,NA,NA,NA,NA,NA,NA,,,This lab work got messed up in the field; disregard results,Y
inc SC_06-02-14,inc,2/6/14,S3,S,C,NA,NA,NA,NA,NA,NA,NA,NA,NA,NA,NA,NA,NA,NA,NA,,,This lab work got messed up in the field; disregard results,Y
inc S2_06-02-14,inc,2/6/14,S3,S,D,NA,NA,NA,NA,NA,NA,NA,NA,NA,NA,NA,NA,NA,NA,NA,,,This lab work got messed up in the field; disregard results,Y
inc SE_06-02-14,inc,2/6/14,S3,S,E,NA,NA,NA,NA,NA,NA,NA,NA,NA,NA,NA,NA,NA,NA,NA,,,This lab work got messed up in the field; disregard results,Y
bnk N1 07-02-14,bnk,2/7/14,NA,NA,NA,NA,2/7/14,NA,NA,NA,NA,50,NA,NA,-0.132,0.106,NA,NA,NA,NA,,,,
bnk N2 07-02-14,bnk,2/7/14,NA,NA,NA,NA,2/7/14,NA,NA,NA,NA,50,NA,NA,-0.132,0.138,NA,NA,NA,NA,,,,
bnk N3 307-02-14,bnk,2/7/14,NA,NA,NA,NA,2/7/14,NA,NA,NA,NA,50,NA,NA,-0.132,0.106,NA,NA,NA,NA,,,,
ext F2A_07-02-14,ext,2/7/14,F2,F,A,2/5/14,2/5/14,NA,NA,NA,10.07,50,183.1,149.79,-0.132,0.491,-0.132,0.106,0,0.374333333,,,,
ext F2B_07-02-14,ext,2/7/14,F2,F,B,2/5/14,2/5/14,NA,NA,NA,9.95,50,163.79,135.29,-0.132,0.575,-0.132,0.138,0,0.458333333,,,,
ext F2C_07-02-14,ext,2/7/14,F2,F,C,2/5/14,2/5/14,NA,NA,NA,10.69,50,128.82,102.69,0.116056,0.351,-0.132,0.106,0.248056,0.234333333,,,,
ext F2D_07-02-14,ext,2/7/14,F2,F,D,2/5/14,2/5/14,NA,NA,NA,10.68,50,167.65,139.09,-0.062925,0.5555,NA,NA,0.069075,0.438833333,,,,
ext F2E_07-02-14,ext,2/7/14,F2,F,E,2/5/14,2/5/14,NA,NA,NA,10.1,50,174.66,144.29,-0.132,0.389,NA,NA,0,0.272333333,,,,
inc F3A_07-02-14,inc,2/7/14,F3,F,A,1/29/14,1/29/14,2/7/14,N,2/7/14,9.87,50,NA,NA,1.5157,0.381,-0.132,0.106,1.6477,0.264333333,,,,
inc F3B_07-02-14,inc,2/7/14,F3,F,B,1/29/14,1/29/14,2/7/14,N,2/7/14,9.75,50,NA,NA,0.7534,0.31,-0.132,0.138,0.8854,0.193333333,,,,
inc F3C_07-02-14,inc,2/7/14,F3,F,C,1/29/14,1/29/14,2/7/14,N,2/7/14,10.29,50,NA,NA,NA,0.954,-0.132,0.106,NA,0.837333333,,,,
inc F3D_07-02-14,inc,2/7/14,F3,F,D,1/29/14,1/29/14,2/7/14,N,2/7/14,10.28,50,NA,NA,4.6695,0.317,NA,NA,4.8015,0.200333333,,,,
inc F3E_07-02-14,inc,2/7/14,F3,F,E,1/29/14,1/29/14,2/7/14,N,2/7/14,9.86,50,NA,NA,1.8328,0.285,NA,NA,1.9648,0.168333333,,,,
inc M1A_07-02-14,inc,2/7/14,M1,M,A,1/29/14,1/29/14,2/7/14,N,2/7/14,9.89,50,NA,NA,1.0306,0.431,-0.132,0.106,1.1626,0.314333333,,,,
inc M1B_07-02-14,inc,2/7/14,M1,M,B,1/29/14,1/29/14,2/7/14,N,2/7/14,10.13,50,NA,NA,1.0999,0.372,-0.132,0.138,1.2319,0.255333333,,,,
inc M1C_07-02-14,inc,2/7/14,M1,M,C,1/29/14,1/29/14,2/7/14,N,2/7/14,10.57,50,NA,NA,1.5157,0.44,-0.132,0.106,1.6477,0.323333333,,,,
inc M1D_07-02-14,inc,2/7/14,M1,M,D,1/29/14,1/29/14,2/7/14,N,2/7/14,10.83,50,NA,NA,2.278,0.511,NA,NA,2.41,0.394333333,,,,
inc M1E_07-02-14,inc,2/7/14,M1,M,E,1/29/14,1/29/14,2/7/14,N,2/7/14,9.89,50,NA,NA,1.399969,0.344,NA,NA,1.531969,0.227333333,,,,
ext bnk 11022014,bnk,2/11/14,NA,NA,NA,NA,2/11/14,NA,NA,NA,NA,50,NA,NA,0.0563,0.0567122,NA,NA,NA,NA,,,,
ext bnk 11022014,bnk,2/11/14,NA,NA,NA,NA,2/11/14,NA,NA,NA,NA,50,NA,NA,0.1967,0.0668236,NA,NA,NA,NA,,,,
ext bnk 11022014,bnk,2/11/14,NA,NA,NA,NA,2/11/14,NA,NA,NA,NA,50,NA,NA,0.0215,0.0642808,NA,NA,NA,NA,,,,
extr F1A_11022014,ext,2/11/14,F1,F,A,2/11/14,2/11/14,NA,NA,NA,10.37,50,140.27,108.89,0.11255,0.6082528,0.0563,0.0567122,0.02105,0.545647267,,,,
extr F1B_11022014,ext,2/11/14,F1,F,B,2/11/14,2/11/14,NA,NA,NA,10.52,50,163.01,128.39,0.0563,0.3999824,0.1967,0.0668236,-0.0352,0.337376867,,,,
extr F1C_11022014,ext,2/11/14,F1,F,C,2/11/14,2/11/14,NA,NA,NA,10.08,50,138,108.09,0.0563,0.2917288,0.0215,0.0642808,-0.0352,0.229123267,,,,
extr F1D_11022014,ext,2/11/14,F1,F,D,2/11/14,2/11/14,NA,NA,NA,9.72,50,124.57,95.99,0.15005,0.4840768,NA,NA,0.05855,0.421471267,,,,
extr F1E_11022014,ext,2/11/14,F1,F,E,2/11/14,2/11/14,NA,NA,NA,10.59,50,142.86,101.89,0.0563,0.5006284,NA,NA,-0.0352,0.438022867,,,,
extr M1A_11022014,ext,2/11/14,M1,M,A,2/11/14,2/11/14,NA,NA,NA,10.19,50,119.93,97.89,0.0563,0.2946512,0.0563,0.0567122,-0.0352,0.232045667,,,,
extr M1B_11022014,ext,2/11/14,M1,M,B,2/11/14,2/11/14,NA,NA,NA,9.97,50,105.37,84.19,0.0563,0.2162872,0.1967,0.0668236,-0.0352,0.153681667,,,,
extr M1C_11022014,ext,2/11/14,M1,M,C,2/11/14,2/11/14,NA,NA,NA,9.5,50,115.03,92.29,0.0563,0.192596,0.0215,0.0642808,-0.0352,0.129990467,,,,
extr M1D_11022014,ext,2/11/14,M1,M,D,2/11/14,2/11/14,NA,NA,NA,9.75,50,106.84,86.29,0.10005,0.3258798,NA,NA,0.00855,0.263274267,,,,
extr M3A_11022014,ext,2/11/14,M3,M,A,2/11/14,2/11/14,NA,NA,NA,10.23,50,138.53,117.49,0.33755,0.225109,0.0563,0.0567122,0.24605,0.162503467,,,,
extr M3B_11022014,ext,2/11/14,M3,M,B,2/11/14,2/11/14,NA,NA,NA,9.82,50,105.42,88.39,0.3688,0.2571696,0.1967,0.0668236,0.2773,0.194564067,,,,
extr M3C_11022014,ext,2/11/14,M3,M,C,2/11/14,2/11/14,NA,NA,NA,9.73,50,156.35,129.89,0.3563,0.2189184,0.0215,0.0642808,0.2648,0.156312867,,,,
extr M3D_11022014,ext,2/11/14,M3,M,D,2/11/14,2/11/14,NA,NA,NA,10.03,50,116.75,96.59,0.22505,0.3334614,NA,NA,0.13355,0.270855867,,,,
extr M3E_11022014,ext,2/11/14,M3,M,E,2/11/14,2/11/14,NA,NA,NA,9.65,50,101.2,83.89,0.53755,0.3089876,NA,NA,0.44605,0.246382067,,,,
incub F1A_11022014,inc,2/11/14,F1,F,A,2/11/14,2/11/14,2/18/14,Y,2/18/14,10.47,50,NA,NA,1.3034,0.6207661,-0.469,0.106022,1.7724,0.512659967,,,,
incub F1B_11022014,inc,2/11/14,F1,F,B,2/11/14,2/11/14,2/18/14,Y,2/18/14,9.89,50,NA,NA,0.7427,0.2840299,-0.469,0.1103648,1.2117,0.175923767,,,,
incub F1C_11022014,inc,2/11/14,F1,F,C,2/11/14,2/11/14,2/18/14,Y,2/18/14,10.62,50,NA,NA,0.6893,0.2383224,-0.469,0.1079316,1.1583,0.130216267,,,,
incub F1D_11022014,inc,2/11/14,F1,F,D,2/11/14,2/11/14,2/18/14,Y,2/18/14,9.87,50,NA,NA,1.0097,0.2401977,NA,NA,1.4787,0.132091567,,,,
incub F1E_11022014,inc,2/11/14,F1,F,E,2/11/14,2/11/14,2/18/14,Y,2/18/14,9.79,50,NA,NA,0.7783,0.2459975,NA,NA,1.2473,0.137891367,,,,
incub M1A_11022014,inc,2/11/14,M1,M,A,2/11/14,2/11/14,2/18/14,Y,2/18/14,10.5,50,NA,NA,0.35515,0.1570124,-0.469,0.106022,0.82415,0.048906267,,,,
incub M1B_11022014,inc,2/11/14,M1,M,B,2/11/14,2/11/14,2/18/14,Y,2/18/14,9.88,50,NA,NA,0.35515,0.1909276,-0.469,0.1103648,0.82415,0.082821467,,,,
incub M1C_11022014,inc,2/11/14,M1,M,C,2/11/14,2/11/14,2/18/14,Y,2/18/14,9.91,50,NA,NA,0.36385,0.1785243,-0.469,0.1079316,0.83285,0.070418167,,,,
incub M1D_11022014,inc,2/11/14,M1,M,D,2/11/14,2/11/14,2/18/14,Y,2/18/14,9.72,50,NA,NA,0.6379,0.2139388,NA,NA,1.1069,0.105832667,,,,
incub M3A_11022014,inc,2/11/14,M3,M,A,2/11/14,2/11/14,2/18/14,Y,2/18/14,9.82,50,NA,NA,0.7783,0.2158564,-0.469,0.106022,1.2473,0.107750267,,,,
incub M3B_11022014,inc,2/11/14,M3,M,B,2/11/14,2/11/14,2/18/14,Y,2/18/14,10.54,50,NA,NA,0.9029,0.1926525,-0.469,0.1103648,1.3719,0.084546367,,,,
incub M3C_11022014,inc,2/11/14,M3,M,C,2/11/14,2/11/14,2/18/14,Y,2/18/14,10.35,50,NA,NA,0.8406,0.1773164,-0.469,0.1079316,1.3096,0.069210267,,,,
incub M3D_11022014,inc,2/11/14,M3,M,D,2/11/14,2/11/14,2/18/14,Y,2/18/14,9.87,50,NA,NA,0.88065,0.2415701,NA,NA,1.34965,0.133463967,,,,
incub M3E_11022014,inc,2/11/14,M3,M,E,2/11/14,2/11/14,2/18/14,Y,2/18/14,10.02,50,NA,NA,1.20775,0.199867,NA,NA,1.67675,0.091760867,,,,
ext bnk 12022014,bnk,2/12/14,NA,NA,NA,NA,2/12/14,NA,NA,NA,NA,50,NA,NA,0.0215,0.0408389,NA,NA,NA,NA,,,,
ext bnk 12022014,bnk,2/12/14,NA,NA,NA,NA,2/12/14,NA,NA,NA,NA,50,NA,NA,0.0215,0.036956,NA,NA,NA,NA,,,,
ext bnk 12022014,bnk,2/12/14,NA,NA,NA,NA,2/12/14,NA,NA,NA,NA,50,NA,NA,0.0215,0.0256384,NA,NA,NA,NA,,,,
extr F2A_12022014,ext,2/12/14,F2,F,A,2/12/14,2/12/14,NA,NA,NA,9.42,50,135.65,106.49,0.0872,0.1902209,0.0215,0.0408389,0.0657,0.155743133,,,,
extr F2B_12022014,ext,2/12/14,F2,F,B,2/12/14,2/12/14,NA,NA,NA,10.19,50,147.4,116.79,0.1894,0.2018524,0.0215,0.036956,0.1679,0.167374633,,,,
extr F2C_12022014,ext,2/12/14,F2,F,C,2/12/14,2/12/14,NA,NA,NA,9.59,50,119.68,94.29,0.1383,0.2610677,0.0215,0.0256384,0.1168,0.226589933,,,,
extr F2D_12022014,ext,2/12/14,F2,F,D,2/12/14,2/12/14,NA,NA,NA,10.56,50,150.4,119.79,0.1967,0.2298153,NA,NA,0.1752,0.195337533,,,,
extr S2A_12022014,ext,2/12/14,S2,S,A,2/12/14,2/12/14,NA,NA,NA,9.65,50,166.69,139.89,0.0215,0.095135,0.0215,0.0408389,0,0.060657233,,,,
extr S2B_12022014,ext,2/12/14,S2,S,B,2/12/14,2/12/14,NA,NA,NA,9.6,50,130.13,107.49,0.0361,0.1641629,0.0215,0.036956,0.0146,0.129685133,,,,
extr S2C_12022014,ext,2/12/14,S2,S,C,2/12/14,2/12/14,NA,NA,NA,9.5,50,146.67,123.69,0.0215,0.1586073,0.0215,0.0256384,0,0.124129533,,,,
extr S2D_12022014,ext,2/12/14,S2,S,D,2/12/14,2/12/14,NA,NA,NA,9.71,50,127.55,106.19,0.0215,0.2077391,NA,NA,0,0.173261333,,,,
extr S2E_12022014,ext,2/12/14,S2,S,E,2/12/14,2/12/14,NA,NA,NA,10.15,50,163.26,137.79,0.0215,0.1521702,NA,NA,0,0.117692433,,,,
extr S3A_12022014,ext,2/12/14,S3,S,A,2/12/14,2/12/14,NA,NA,NA,9.81,50,118.19,94.69,0.2405,0.1834804,0.0215,0.0408389,0.219,0.149002633,,,,
extr S3B_12022014,ext,2/12/14,S3,S,B,2/12/14,2/12/14,NA,NA,NA,9.66,50,123.37,96.79,0.1967,0.1079533,0.0215,0.036956,0.1752,0.073475533,,,,
extr S3C_12022014,ext,2/12/14,S3,S,C,2/12/14,2/12/14,NA,NA,NA,9.76,50,149.93,121.19,0.0507,0.1600693,0.0215,0.0256384,0.0292,0.125591533,,,,
extr S3D_12022014,ext,2/12/14,S3,S,D,2/12/14,2/12/14,NA,NA,NA,10.45,50,127.45,101.39,0.2624,0.276552,NA,NA,0.2409,0.242074233,,,,
extr S3E_12022014,ext,2/12/14,S3,S,E,2/12/14,2/12/14,NA,NA,NA,9.61,50,130.83,104.79,0.070118,0.1836376,NA,NA,0.048618,0.149159833,,,,
incub F2A_12022014,inc,2/12/14,F2,F,A,2/12/14,2/12/14,2/20/14,Y,2/20/14,9.85,50,NA,NA,0.57265,0.2137461,0.0064,0.0272853,0.57495,0.189022167,,,,
incub F2B_12022014,inc,2/12/14,F2,F,B,2/12/14,2/12/14,2/20/14,Y,2/20/14,10.45,50,NA,NA,0.8206,0.1957827,-0.0023,0.0244946,0.8229,0.171058767,,,,
incub F2C_12022014,inc,2/12/14,F2,F,C,2/12/14,2/12/14,2/20/14,Y,2/20/14,9.68,50,NA,NA,1.0816,0.225576,-0.011,0.0223919,1.0839,0.200852067,,,,
incub F2D_12022014,inc,2/12/14,F2,F,D,2/12/14,2/12/14,2/20/14,Y,2/20/14,9.5,50,NA,NA,0.6814,0.2261024,NA,NA,0.6837,0.201378467,,,,
incub F2E_12022014,inc,2/12/14,F2,F,E,2/12/14,2/12/14,2/20/14,Y,2/20/14,10.05,50,NA,NA,0.78145,0.2019115,NA,NA,0.78375,0.177187567,,,,
incub S2A_12022014,inc,2/12/14,S2,S,A,2/12/14,2/12/14,2/20/14,Y,2/20/14,9.61,50,NA,NA,0.06805,0.1411076,0.0064,0.0272853,0.07035,0.116383667,,,,
incub S2B_12022014,inc,2/12/14,S2,S,B,2/12/14,2/12/14,2/20/14,Y,2/20/14,10.17,50,NA,NA,0.45955,0.1669388,-0.0023,0.0244946,0.46185,0.142214867,,,,
incub S2C_12022014,inc,2/12/14,S2,S,C,2/12/14,2/12/14,2/20/14,Y,2/20/14,10.06,50,NA,NA,0.4204,0.1483785,-0.011,0.0223919,0.4227,0.123654567,,,,
incub S2D_12022014,inc,2/12/14,S2,S,D,2/12/14,2/12/14,2/20/14,Y,2/20/14,10.19,50,NA,NA,0.4117,0.1811516,NA,NA,0.414,0.156427667,,,,
incub S2E_12022014,inc,2/12/14,S2,S,E,2/12/14,2/12/14,2/20/14,Y,2/20/14,10.45,50,NA,NA,0.2377,0.1521479,NA,NA,0.24,0.127423967,,,,
incub S3A_12022014,inc,2/12/14,S3,S,A,2/12/14,2/12/14,2/20/14,Y,2/20/14,9.69,50,NA,NA,0.66835,0.1847518,0.0064,0.0272853,0.67065,0.160027867,,,,
incub S3B_12022014,inc,2/12/14,S3,S,B,2/12/14,2/12/14,2/20/14,Y,2/20/14,9.71,50,NA,NA,0.28555,0.162408,-0.0023,0.0244946,0.28785,0.137684067,,,,
incub S3C_12022014,inc,2/12/14,S3,S,C,2/12/14,2/12/14,2/20/14,Y,2/20/14,9.8,50,NA,NA,0.21595,0.1689974,-0.011,0.0223919,0.21825,0.144273467,,,,
incub S3D_12022014,inc,2/12/14,S3,S,D,2/12/14,2/12/14,2/20/14,Y,2/20/14,9.81,50,NA,NA,0.60745,0.2131962,NA,NA,0.60975,0.188472267,,,,
incub S3E_12022014,inc,2/12/14,S3,S,E,2/12/14,2/12/14,2/20/14,Y,2/20/14,9.92,50,NA,NA,0.3247,0.1869044,NA,NA,0.327,0.162180467,,,,
ext bnk 14022014,bnk,2/14/14,NA,NA,NA,NA,2/14/14,NA,NA,NA,NA,50,NA,NA,0.0215,0.0156538,NA,NA,NA,NA,,,,
ext bnk 14022014,bnk,2/14/14,NA,NA,NA,NA,2/14/14,NA,NA,NA,NA,50,NA,NA,0.0215,0.0217598,NA,NA,NA,NA,,,,
ext bnk 14022014,bnk,2/14/14,NA,NA,NA,NA,2/14/14,NA,NA,NA,NA,50,NA,NA,0.0215,0.0194378,NA,NA,NA,NA,,,,
extr M3A_14022014,ext,2/14/14,M3,M,A,2/14/14,2/14/14,NA,NA,NA,10.65,50,156.6,131.09,0.2624,0.683,0.0215,0.0156538,0.2409,0.664049533,,,,
extr M3B_14022014,ext,2/14/14,M3,M,B,2/14/14,2/14/14,NA,NA,NA,10.4,50,138.06,113.89,0.5617,1.171,0.0215,0.0217598,0.5402,1.152049533,,,,
extr M3C_14022014,ext,2/14/14,M3,M,C,2/14/14,2/14/14,NA,NA,NA,10.5,50,163.65,133.19,0.0799,0.507,0.0215,0.0194378,0.0584,0.488049533,,,,
extr M3D_14022014,ext,2/14/14,M3,M,D,2/14/14,2/14/14,NA,NA,NA,10.18,50,178.85,149.19,0.204,0.509,NA,NA,0.1825,0.490049533,,,,
extr M3E_14022014,ext,2/14/14,M3,M,E,2/14/14,2/14/14,NA,NA,NA,10.15,50,141.27,114.69,0.3427,0.406,NA,NA,0.3212,0.387049533,,,,
extr S3A_14022014,ext,2/14/14,S3,S,A,2/14/14,2/14/14,NA,NA,NA,9.67,50,135.68,105.69,1.372,11.599,0.0215,0.0156538,1.3505,11.58004953,,,,
extr S3B_14022014,ext,2/14/14,S3,S,B,2/14/14,2/14/14,NA,NA,NA,10.02,50,156,120.19,1.3866,1.966,0.0215,0.0217598,1.3651,1.947049533,,,,
extr S3C_14022014,ext,2/14/14,S3,S,C,2/14/14,2/14/14,NA,NA,NA,10,50,126.82,100.39,0.3208,1.014,0.0215,0.0194378,0.2993,0.995049533,,,,
extr S3D_14022014,ext,2/14/14,S3,S,D,2/14/14,2/14/14,NA,NA,NA,9.9,50,121.48,94.69,1.3501,0.919,NA,NA,1.3286,0.900049533,,,,
extr S3E_14022014,ext,2/14/14,S3,S,E,2/14/14,2/14/14,NA,NA,NA,10.48,50,113.47,91.09,0.6055,1.478,NA,NA,0.584,1.459049533,,,,
incub M3A_14022014,inc,2/14/14,M3,M,A,2/14/14,2/14/14,2/20/14,Y,2/20/14,9.85,50,NA,NA,1.929,0.5138975,0.0064,0.0272853,1.9313,0.489173567,,,,
incub M3B_14022014,inc,2/14/14,M3,M,B,2/14/14,2/14/14,2/20/14,Y,2/20/14,9.62,50,NA,NA,1.5794,0.2737557,-0.0023,0.0244946,1.5817,0.249031767,,,,
incub M3C_14022014,inc,2/14/14,M3,M,C,2/14/14,2/14/14,2/20/14,Y,2/20/14,9.94,50,NA,NA,0.5306,0.3544829,-0.011,0.0223919,0.5329,0.329758967,,,,
incub M3D_14022014,inc,2/14/14,M3,M,D,2/14/14,2/14/14,2/20/14,Y,2/20/14,10.25,50,NA,NA,1.0082,0.3199567,NA,NA,1.0105,0.295232767,,,,
incub M3E_14022014,inc,2/14/14,M3,M,E,2/14/14,2/14/14,2/20/14,Y,2/20/14,10.07,50,NA,NA,0.9645,0.2969925,NA,NA,0.9668,0.272268567,,,,
incub S3A_14022014,inc,2/14/14,S3,S,A,2/14/14,2/14/14,2/20/14,Y,2/20/14,9.93,50,NA,NA,14.165,1.3337702,0.0064,0.0272853,14.1673,1.309046267,,,,
incub S3B_14022014,inc,2/14/14,S3,S,B,2/14/14,2/14/14,2/20/14,Y,2/20/14,9.68,50,NA,NA,3.9423,0.5502849,-0.0023,0.0244946,3.9446,0.525560967,,,,
incub S3C_14022014,inc,2/14/14,S3,S,C,2/14/14,2/14/14,2/20/14,Y,2/20/14,10.07,50,NA,NA,1.3078,0.4987823,-0.011,0.0223919,1.3101,0.474058367,,,,
incub S3D_14022014,inc,2/14/14,S3,S,D,2/14/14,2/14/14,2/20/14,Y,2/20/14,10.24,50,NA,NA,2.803,0.5335059,NA,NA,2.8053,0.508781967,,,,
incub S3E_14022014,inc,2/14/14,S3,S,E,2/14/14,2/14/14,2/20/14,Y,2/20/14,10.47,50,NA,NA,0.04195,0.2763783,NA,NA,0.04425,0.251654367,,,,
ext bnk 18022014,bnk,2/18/14,NA,NA,NA,NA,2/18/14,NA,NA,NA,NA,50,NA,NA,0.0215,0.022078,NA,NA,NA,NA,,,assumed these were the blanks for extractions on that date,
ext bnk 18022014,bnk,2/18/14,NA,NA,NA,NA,2/18/14,NA,NA,NA,NA,50,NA,NA,0.0215,0.0177092,NA,NA,NA,NA,,,assumed these were the blanks for extractions on that date,
ext bnk 18022014,bnk,2/18/14,NA,NA,NA,NA,2/18/14,NA,NA,NA,NA,50,NA,NA,0.0215,0.0237163,NA,NA,NA,NA,,,assumed these were the blanks for extractions on that date,
bnk I 18-02-14,bnk,2/18/14,NA,NA,NA,NA,2/18/14,NA,NA,NA,NA,50,NA,NA,-0.469,0.106022,NA,NA,NA,NA,,,"assumed these were the blanks for incubation vials on that date, perhaps done next morning",
bnk II 18-02-14,bnk,2/18/14,NA,NA,NA,NA,2/18/14,NA,NA,NA,NA,50,NA,NA,-0.469,0.1103648,NA,NA,NA,NA,,,"assumed these were the blanks for incubation vials on that date, perhaps done next morning",
bnk III 18-02-14,bnk,2/18/14,NA,NA,NA,NA,2/18/14,NA,NA,NA,NA,50,NA,NA,-0.469,0.1079316,NA,NA,NA,NA,,,"assumed these were the blanks for incubation vials on that date, perhaps done next morning",
extr M3A_18022014,ext,2/18/14,M3,M,A,2/18/14,2/18/14,NA,NA,NA,9.94,50,155.3,121.19,0.4887,0.6411017,0.0215,0.022078,0.4672,0.619933867,,,,
extr M3B_18022014,ext,2/18/14,M3,M,B,2/18/14,2/18/14,NA,NA,NA,10.02,50,167.41,132.79,0.1967,0.2763456,0.0215,0.0177092,0.1752,0.255177767,,,,
extr M3C_18022014,ext,2/18/14,M3,M,C,2/18/14,2/18/14,NA,NA,NA,9.69,50,117.46,90.29,0.2697,0.2573525,0.0215,0.0237163,0.2482,0.236184667,,,,
extr M3D_18022014,ext,2/18/14,M3,M,D,2/18/14,2/18/14,NA,NA,NA,9.73,50,170.87,137.39,0.2405,0.3215128,NA,NA,0.219,0.300344967,,,,
extr M3E_18022014,ext,2/18/14,M3,M,E,2/18/14,2/18/14,NA,NA,NA,10.05,50,169.35,133.89,0.1967,0.2757264,NA,NA,0.1752,0.254558567,,,,
incub M3A_18022014,inc,2/18/14,M3,M,A,2/18/14,2/18/14,2/25/14,Y,2/25/14,10.2,50,NA,NA,2.6688,0.1264718,-0.0469,0.0383191,2.7218,0.08975015,,,,
incub M3B_18022014,inc,2/18/14,M3,M,B,2/18/14,2/18/14,2/25/14,Y,2/25/14,10.22,50,NA,NA,1.5763,0.495591,-0.0591,0.0351242,1.6293,0.45886935,,,,
incub M3C_18022014,inc,2/18/14,M3,M,C,2/18/14,2/18/14,2/25/14,Y,2/25/14,10.26,50,NA,NA,1.7511,0.4410193,NA,NA,1.8041,0.40429765,,,,
incub M3D_18022014,inc,2/18/14,M3,M,D,2/18/14,2/18/14,2/25/14,Y,2/25/14,9.78,50,NA,NA,1.1393,0.4518293,NA,NA,1.1923,0.41510765,,,,
incub M3E_18022014,inc,2/18/14,M3,M,E,2/18/14,2/18/14,2/25/14,Y,2/25/14,10.4,50,NA,NA,1.7948,0.4510256,NA,NA,1.8478,0.41430395,,,,
ext bnk 20022014,bnk,2/20/14,NA,NA,NA,NA,2/20/14,NA,NA,NA,NA,50,NA,NA,0.0064,0.0272853,NA,NA,NA,NA,,,,
ext bnk 20022014,bnk,2/20/14,NA,NA,NA,NA,2/20/14,NA,NA,NA,NA,50,NA,NA,-0.0023,0.0244946,NA,NA,NA,NA,,,,
ext bnk 20022014,bnk,2/20/14,NA,NA,NA,NA,2/20/14,NA,NA,NA,NA,50,NA,NA,-0.011,0.0223919,NA,NA,NA,NA,,,,
extr F2A_20022014,ext,2/20/14,F2,F,A,2/20/14,2/20/14,NA,NA,NA,10.04,50,156.6,104.79,0.04555,0.2053526,0.0064,0.0272853,0.04785,0.180628667,,,,
extr F2B_20022014,ext,2/20/14,F2,F,B,2/20/14,2/20/14,NA,NA,NA,9.86,50,138.06,99.29,0.0064,0.3590518,-0.0023,0.0244946,0.0087,0.334327867,,,,
extr F2C_20022014,ext,2/20/14,F2,F,C,2/20/14,2/20/14,NA,NA,NA,10.26,50,163.65,139.59,0.01075,0.2446417,-0.011,0.0223919,0.01305,0.219917767,,,,
extr F2D_20022014,ext,2/20/14,F2,F,D,2/20/14,2/20/14,NA,NA,NA,10.04,50,178.85,112.19,0.0064,0.212955,NA,NA,0.0087,0.188231067,,,,
extr F2E_20022014,ext,2/20/14,F2,F,E,2/20/14,2/20/14,NA,NA,NA,10.11,50,141.27,98.29,0.1108,0.6085894,NA,NA,0.1131,0.583865467,,,,
extr S3A_20022014,ext,2/20/14,S3,S,A,2/20/14,2/20/14,NA,NA,NA,9.71,50,135.68,122.29,0.0872,0.2873923,0.0064,0.0272853,0.0895,0.262668367,,,,
extr S3B_20022014,ext,2/20/14,S3,S,B,2/20/14,2/20/14,NA,NA,NA,10.26,50,156,92.19,0.1821,0.3657082,-0.0023,0.0244946,0.1844,0.340984267,,,,
extr S3C_20022014,ext,2/20/14,S3,S,C,2/20/14,2/20/14,NA,NA,NA,10.23,50,126.82,113.29,0.2405,0.4739908,-0.011,0.0223919,0.2428,0.449266867,,,,
extr S3D_20022014,ext,2/20/14,S3,S,D,2/20/14,2/20/14,NA,NA,NA,9.74,50,121.48,118.89,0.4675,0.3344042,NA,NA,0.4698,0.309680267,,,,
extr S3E_20022014,ext,2/20/14,S3,S,E,2/20/14,2/20/14,NA,NA,NA,9.93,50,113.47,123.69,0.426871,0.3097007,NA,NA,0.429171,0.284976767,,,,
incub F2A_20022014,inc,2/20/14,F2,F,A,2/20/14,2/20/14,2/28/14,N,2/28/14,9.74,50,NA,NA,0.911,0.4035086,-0.469,0.115174,1.313416667,0.2899934,,,,
incub F2B_20022014,inc,2/20/14,F2,F,B,2/20/14,2/20/14,2/28/14,N,2/28/14,9.78,50,NA,NA,1.205,0.4079313,-0.26925,0.1123052,1.607416667,0.2944161,,,,
incub F2C_20022014,inc,2/20/14,F2,F,C,2/20/14,2/20/14,2/28/14,N,2/28/14,10.33,50,NA,NA,1.289,0.4119216,-0.469,0.1130664,1.691416667,0.2984064,,,,
incub F2D_20022014,inc,2/20/14,F2,F,D,2/20/14,2/20/14,2/28/14,N,2/28/14,10.26,50,NA,NA,0.911,0.4477826,NA,NA,1.313416667,0.3342674,,,,
incub F2E_20022014,inc,2/20/14,F2,F,E,2/20/14,2/20/14,2/28/14,N,2/28/14,10.16,50,NA,NA,1.919,0.4841465,NA,NA,2.321416667,0.3706313,,,,
incub S3A_20022014,inc,2/20/14,S3,S,A,2/20/14,2/20/14,2/28/14,N,2/28/14,10.33,50,NA,NA,1.4015,0.4266326,-0.469,0.115174,1.803916667,0.3131174,,,,
incub S3B_20022014,inc,2/20/14,S3,S,B,2/20/14,2/20/14,2/28/14,N,2/28/14,10.12,50,NA,NA,1.62,0.6192856,-0.26925,0.1123052,2.022416667,0.5057704,,,,
incub S3C_20022014,inc,2/20/14,S3,S,C,2/20/14,2/20/14,2/28/14,N,2/28/14,10.39,50,NA,NA,1.8385,0.6323046,-0.469,0.1130664,2.240916667,0.5187894,,,,
incub S3D_20022014,inc,2/20/14,S3,S,D,2/20/14,2/20/14,2/28/14,N,2/28/14,10.34,50,NA,NA,1.3141,0.4869806,NA,NA,1.716516667,0.3734654,,,,
incub S3E_20022014,inc,2/20/14,S3,S,E,2/20/14,2/20/14,2/28/14,N,2/28/14,10,50,NA,NA,1.457,0.4981854,NA,NA,1.859416667,0.3846702,,,,
bnk I 22-02-14,bnk,2/22/14,NA,NA,NA,NA,2/22/14,NA,NA,NA,NA,50,NA,NA,-0.469,0.0772416,NA,NA,NA,NA,,,PROBLEM - not used anywhere,Y
bnk II 22-02-14,bnk,2/22/14,NA,NA,NA,NA,2/22/14,NA,NA,NA,NA,50,NA,NA,-0.469,0.1057624,NA,NA,NA,NA,,,PROBLEM - not used anywhere,Y
ext bnk 24022014,bnk,2/24/14,NA,NA,NA,NA,2/24/14,NA,NA,NA,NA,50,NA,NA,-0.0197,0.0290225,NA,NA,NA,NA,,,,
ext bnk 24022014,bnk,2/24/14,NA,NA,NA,NA,2/24/14,NA,NA,NA,NA,50,NA,NA,-0.0197,0.0295385,NA,NA,NA,NA,,,,
ext bnk 24022014,bnk,2/24/14,NA,NA,NA,NA,2/24/14,NA,NA,NA,NA,50,NA,NA,0.1543,0.0193303,NA,NA,NA,NA,,,,
extr S3A_24022014,ext,2/24/14,S3,S,A,2/24/14,2/24/14,NA,NA,NA,9.73,50,150.65,109.09,0.1108,0.3308782,-0.0197,0.0290225,0.0725,0.304914433,,,,
extr S3B_24022014,ext,2/24/14,S3,S,B,2/24/14,2/24/14,NA,NA,NA,9.77,50,156.38,113.39,0.39355,0.3671573,-0.0197,0.0295385,0.35525,0.341193533,,,,
extr S3C_24022014,ext,2/24/14,S3,S,C,2/24/14,2/24/14,NA,NA,NA,10.47,50,131.96,97.59,0.25435,0.2693882,0.1543,0.0193303,0.21605,0.243424433,,,,
extr S3D_24022014,ext,2/24/14,S3,S,D,2/24/14,2/24/14,NA,NA,NA,10.19,50,178.81,130.49,0.163,0.3170365,NA,NA,0.1247,0.291072733,,,,
extr S3E_24022014,ext,2/24/14,S3,S,E,2/24/14,2/24/14,NA,NA,NA,9.9,50,146.7,105.09,0.122371,0.3655147,NA,NA,0.084071,0.339550933,,,,
incub S3A_24022014,inc,2/24/14,S3,S,A,2/24/14,2/24/14,3/5/14,Y,3/5/14,10.01,50,NA,NA,1.415,0.371464,-0.469,0.1158428,1.884,0.2543815,,,,
incub S3B_24022014,inc,2/24/14,S3,S,B,2/24/14,2/24/14,3/5/14,Y,3/5/14,9.87,50,NA,NA,1.079,0.3837216,-0.469,0.1112668,1.548,0.2666391,,,,
incub S3C_24022014,inc,2/24/14,S3,S,C,2/24/14,2/24/14,3/5/14,Y,3/5/14,9.64,50,NA,NA,0.743,0.7505566,-0.469,0.1254524,1.212,0.6334741,,,,
incub S3D_24022014,inc,2/24/14,S3,S,D,2/24/14,2/24/14,3/5/14,Y,3/5/14,9.84,50,NA,NA,NA,0.305476,-0.469,0.115768,NA,0.1883935,,,,
incub S3E_24022014,inc,2/24/14,S3,S,E,2/24/14,2/24/14,3/5/14,Y,3/5/14,10.47,50,NA,NA,0.743,0.3583933,NA,NA,1.212,0.2413108,,,,
ext bnk 25022014,bnk,2/25/14,NA,NA,NA,NA,2/25/14,NA,NA,NA,NA,50,NA,NA,-0.0469,0.0383191,NA,NA,NA,NA,,,,
ext bnk 25022014,bnk,2/25/14,NA,NA,NA,NA,2/25/14,NA,NA,NA,NA,50,NA,NA,-0.0591,0.0351242,NA,NA,NA,NA,,,,
extr F2A_25022014,ext,2/25/14,F2,F,A,2/25/14,2/25/14,NA,NA,NA,10.43,50,164.18,127.59,0.0019,0.2959751,-0.0469,0.0383191,0.0549,0.25925345,,,,
extr F2B_25022014,ext,2/25/14,F2,F,B,2/25/14,2/25/14,NA,NA,NA,9.8,50,159.65,124.29,0.008,0.3029669,-0.0591,0.0351242,0.061,0.26624525,,,,
extr F2C_25022014,ext,2/25/14,F2,F,C,2/25/14,2/25/14,NA,NA,NA,9.83,50,157.08,114.99,-0.0103,0.1901822,NA,NA,0.0427,0.15346055,,,,
extr F2D_25022014,ext,2/25/14,F2,F,D,2/25/14,2/25/14,NA,NA,NA,10.41,50,154.33,117.29,0.0873,0.2073134,NA,NA,0.1403,0.17059175,,,,
extr F2E_25022014,ext,2/25/14,F2,F,E,2/25/14,2/25/14,NA,NA,NA,9.61,50,157.39,112.59,-0.0103,0.1625547,NA,NA,0.0427,0.12583305,,,,
extr M3A_25022014,ext,2/25/14,M3,M,A,2/25/14,2/25/14,NA,NA,NA,10.21,50,140.37,115.59,0.1543,0.3666413,-0.0469,0.0383191,0.2073,0.32991965,,,,
extr M3B_25022014,ext,2/25/14,M3,M,B,2/25/14,2/25/14,NA,NA,NA,9.83,50,176.16,145.09,0.12385,0.2720413,-0.0591,0.0351242,0.17685,0.23531965,,,,
extr M3C_25022014,ext,2/25/14,M3,M,C,2/25/14,2/25/14,NA,NA,NA,10.33,50,152.77,122.99,0.2761,0.4473824,NA,NA,0.3291,0.41066075,,,,
extr M3D_25022014,ext,2/25/14,M3,M,D,2/25/14,2/25/14,NA,NA,NA,9.75,50,173.74,142.89,0.3069,0.3375905,NA,NA,0.3599,0.30086885,,,,
extr M3E_25022014,ext,2/25/14,M3,M,E,2/25/14,2/25/14,NA,NA,NA,10.15,50,187.41,156.99,0.013675,0.27702,NA,NA,0.066675,0.24029835,,,,
incub F2A_25022014,inc,2/25/14,F2,F,A,2/25/14,2/25/14,3/5/14,Y,3/5/14,10.24,50,NA,NA,1.163,0.2727076,-0.469,0.1158428,1.632,0.1556251,,,,
incub F2B_25022014,inc,2/25/14,F2,F,B,2/25/14,2/25/14,3/5/14,Y,3/5/14,9.99,50,NA,NA,0.911,0.3278057,-0.469,0.1112668,1.38,0.2107232,,,,
incub F2C_25022014,inc,2/25/14,F2,F,C,2/25/14,2/25/14,3/5/14,Y,3/5/14,10.17,50,NA,NA,0.6601,0.22556295,-0.469,0.1254524,1.1291,0.10848045,,,,
incub F2D_25022014,inc,2/25/14,F2,F,D,2/25/14,2/25/14,3/5/14,Y,3/5/14,10.42,50,NA,NA,1.2537,0.2996616,-0.469,0.115768,1.7227,0.1825791,,,,
incub F2E_25022014,inc,2/25/14,F2,F,E,2/25/14,2/25/14,3/5/14,Y,3/5/14,10.42,50,NA,NA,0.9569,0.250166,NA,NA,1.4259,0.1330835,,,,
incub M3A_25022014,inc,2/25/14,M3,M,A,2/25/14,2/25/14,3/5/14,Y,3/5/14,9.99,50,NA,NA,0.995,0.3623507,-0.469,0.1158428,1.464,0.2452682,,,,
incub M3B_25022014,inc,2/25/14,M3,M,B,2/25/14,2/25/14,3/5/14,Y,3/5/14,10.31,50,NA,NA,0.575,0.2888991,-0.469,0.1112668,1.044,0.1718166,,,,
incub M3C_25022014,inc,2/25/14,M3,M,C,2/25/14,2/25/14,3/5/14,Y,3/5/14,10.22,50,NA,NA,0.659,0.5184659,-0.469,0.1254524,1.128,0.4013834,,,,
incub M3D_25022014,inc,2/25/14,M3,M,D,2/25/14,2/25/14,3/5/14,Y,3/5/14,9.84,50,NA,NA,1.667,0.4938238,-0.469,0.115768,2.136,0.3767413,,,,
incub M3E_25022014,inc,2/25/14,M3,M,E,2/25/14,2/25/14,3/5/14,Y,3/5/14,9.88,50,NA,NA,0.575,0.2739343,NA,NA,1.044,0.1568518,,,,
bnk I 28-02-14,bnk,2/28/14,NA,NA,NA,NA,2/28/14,NA,NA,NA,NA,50,NA,NA,-0.469,0.115174,NA,NA,NA,NA,,,,
bnk II 28-02-14,bnk,2/28/14,NA,NA,NA,NA,2/28/14,NA,NA,NA,NA,50,NA,NA,-0.26925,0.1123052,NA,NA,NA,NA,,,,
bnk III 28-02-14,bnk,2/28/14,NA,NA,NA,NA,2/28/14,NA,NA,NA,NA,50,NA,NA,-0.469,0.1130664,NA,NA,NA,NA,,,,
bnk III 04-03-14,bnk,3/4/14,NA,NA,NA,NA,3/4/14,NA,NA,NA,NA,50,NA,NA,-0.0089,0.112,NA,NA,NA,NA,,,PROBLEM - not used anywhere,Y
bnk I 05-03-14,bnk,3/5/14,NA,NA,NA,NA,3/5/14,NA,NA,NA,NA,50,NA,NA,-0.469,0.1158428,NA,NA,NA,NA,,,,
bnk II 05-03-14,bnk,3/5/14,NA,NA,NA,NA,3/5/14,NA,NA,NA,NA,50,NA,NA,-0.469,0.1112668,NA,NA,NA,NA,,,,
bnk II 05-03-14,bnk,3/5/14,NA,NA,NA,NA,3/5/14,NA,NA,NA,NA,50,NA,NA,-0.469,0.1254524,NA,NA,NA,NA,,,,
bnk III 05-03-14,bnk,3/5/14,NA,NA,NA,NA,3/5/14,NA,NA,NA,NA,50,NA,NA,-0.469,0.115768,NA,NA,NA,NA,,,,
ext bnk 06032014,bnk,3/6/14,NA,NA,NA,NA,3/6/14,NA,NA,NA,NA,50,NA,NA,0.04885,0.107,NA,NA,NA,NA,,,,
ext bnk 06032014,bnk,3/6/14,NA,NA,NA,NA,3/6/14,NA,NA,NA,NA,50,NA,NA,0.1258,0.14,NA,NA,NA,NA,,,,
extr F2A_06032014,ext,3/6/14,F2,F,A,3/6/14,3/7/14,NA,NA,NA,10.53,50,462.41,383.35,0.28825,0.332,0.04885,0.107,0.200925,0.2085,,,,
extr F2B_06032014,ext,3/6/14,F2,F,B,3/6/14,3/7/14,NA,NA,NA,10.31,50,367.81,295.15,0.16,0.692,0.1258,0.14,0.072675,0.5685,,,,
extr F2D_06032014,ext,3/6/14,F2,F,D,3/6/14,3/7/14,NA,NA,NA,10.47,50,418.91,348.25,0.20275,0.307,NA,NA,0.115425,0.1835,,,,
extr F2E_06032014,ext,3/6/14,F2,F,E,3/6/14,3/7/14,NA,NA,NA,10.53,50,419.61,340.35,0.0916,1.03,NA,NA,0.004275,0.9065,,,,
extr M1A_06032014,ext,3/6/14,M1,M,A,3/6/14,3/7/14,NA,NA,NA,9.73,50,470.41,364.35,0.790752,0.3683914,0.04885,0.107,0.703427,0.2448914,,,,
extr M1B_06032014,ext,3/6/14,M1,M,B,3/6/14,3/7/14,NA,NA,NA,10.28,50,486.71,393.45,0.6119,0.2104395,0.1258,0.14,0.524575,0.0869395,,,,
extr M1C_06032014,ext,3/6/14,M1,M,C,3/6/14,3/7/14,NA,NA,NA,9.96,50,456.81,353.05,0.5997,0.3006105,NA,NA,0.512375,0.1771105,,,,
extr M1D_06032014,ext,3/6/14,M1,M,D,3/6/14,3/7/14,NA,NA,NA,10.06,50,550.11,433.65,0.6546,0.2846016,NA,NA,0.567275,0.1611016,,,,
extr M1E_06032014,ext,3/6/14,M1,M,E,3/6/14,3/7/14,NA,NA,NA,9.67,50,459.81,352.15,0.7522,0.3080753,NA,NA,0.664875,0.1845753,,,,
extr M2A_06032014,ext,3/6/14,M2,M,A,3/6/14,3/7/14,NA,NA,NA,9.96,50,476.21,402.55,1.8868,0.913,0.04885,0.107,1.799475,0.7895,,,,
extr M2B_06032014,ext,3/6/14,M2,M,B,3/6/14,3/7/14,NA,NA,NA,9.59,50,525.41,441.95,2.4396,0.4,0.1258,0.14,2.352275,0.2765,,,,
extr M2C_06032014,ext,3/6/14,M2,M,C,3/6/14,3/7/14,NA,NA,NA,10.19,50,538.41,456.95,1.3988,0.371,NA,NA,1.311475,0.2475,,,,
extr M2D_06032014,ext,3/6/14,M2,M,D,3/6/14,3/7/14,NA,NA,NA,10.35,50,528.01,441.85,2.1186,0.656,NA,NA,2.031275,0.5325,,,,
extr M2E_06032014,ext,3/6/14,M2,M,E,3/6/14,3/7/14,NA,NA,NA,10.1,50,536.71,453.55,1.8807,0.516,NA,NA,1.793375,0.3925,,,,
extr S3A_06032014,ext,3/6/14,S3,S,A,3/6/14,3/7/14,NA,NA,NA,10.1,50,542.51,451.95,3.7632,10.2,0.04885,0.107,3.675875,10.0765,,,,
extr S3B_06032014,ext,3/6/14,S3,S,B,3/6/14,3/7/14,NA,NA,NA,10.21,50,545.81,456.95,1.225843,10.488,0.1258,0.14,1.138518,10.3645,,,,
extr S3C_06032014,ext,3/6/14,S3,S,C,3/6/14,3/7/14,NA,NA,NA,10.17,50,513.81,433.75,1.69045,1.857,NA,NA,1.603125,1.7335,,,,
extr S3D_06032014,ext,3/6/14,S3,S,D,3/6/14,3/7/14,NA,NA,NA,9.69,50,533.31,450.25,1.21165,0.518,NA,NA,1.124325,0.3945,,,,
extr S3E_06032014,ext,3/6/14,S3,S,E,3/6/14,3/7/14,NA,NA,NA,9.77,50,520.91,435.25,2.5369,9.558,NA,NA,2.449575,9.4345,,,,
incub F2A_06032014,inc,3/6/14,F2,F,A,3/6/14,3/7/14,3/19/14,N,3/19/14,10.19,50,NA,NA,1.6618,0.3194616,0.1297,0.141,1.58985,0.1714616,1.903519966,0.525,,
incub F2B_06032014,inc,3/6/14,F2,F,B,3/6/14,3/7/14,3/19/14,N,3/19/14,10.49,50,NA,NA,1.8473,0.54325,0.09505,0.168,1.77535,0.39525,2.201277279,0.828,,
incub F2C_06032014,inc,3/6/14,F2,F,C,3/6/14,3/7/14,3/19/14,N,3/19/14,10.16,50,NA,NA,2.38525,0.4593376,-0.0089,0.135,2.3133,0.3113376,2.860597044,0.736,,
incub F2D_06032014,inc,3/6/14,F2,F,D,3/6/14,3/7/14,3/19/14,N,3/19/14,10.2,50,NA,NA,1.5134,0.3195628,NA,NA,1.44145,0.1715628,1.74400712,0.512,,
incub F2E_06032014,inc,3/6/14,F2,F,E,3/6/14,3/7/14,3/19/14,N,3/19/14,10.06,50,NA,NA,2.49655,0.6201092,NA,NA,2.4246,0.4721092,NA,NA,,
incub M1A_06032014,inc,3/6/14,M1,M,A,3/6/14,3/7/14,3/19/14,N,3/19/14,9.62,50,NA,NA,2.38525,0.4990696,0.1297,0.141,2.3133,0.3510696,2.796791905,0.602,,
incub M1B_06032014,inc,3/6/14,M1,M,B,3/6/14,3/7/14,3/19/14,N,3/19/14,9.95,50,NA,NA,1.4763,0.323536,0.09505,0.168,1.40435,0.175536,1.72273874,0.436,,
incub M1C_06032014,inc,3/6/14,M1,M,C,3/6/14,3/7/14,3/19/14,N,3/19/14,9.56,50,NA,NA,1.56905,0.4239264,-0.0089,0.135,1.4971,0.2759264,1.765275499,0.488,,
incub M1D_06032014,inc,3/6/14,M1,M,D,3/6/14,3/7/14,3/19/14,N,3/19/14,10.09,50,NA,NA,3.0345,0.4210356,NA,NA,2.96255,0.2730356,2.541571351,0.495,,
incub M1E_06032014,inc,3/6/14,M1,M,E,3/6/14,3/7/14,3/19/14,N,3/19/14,10.2,50,NA,NA,2.2183,0.448518,NA,NA,2.14635,0.300518,NA,NA,,
incub M2A_06032014,inc,3/6/14,M2,M,A,3/6/14,3/7/14,3/19/14,N,3/19/14,10.33,50,NA,NA,3.7023,0.2737016,0.1297,0.141,3.63035,0.1257016,,,,
incub M2B_06032014,inc,3/6/14,M2,M,B,3/6/14,3/7/14,3/19/14,N,3/19/14,10.01,50,NA,NA,4.7411,0.4273628,0.09505,0.168,4.66915,0.2793628,,,,
incub M2C_06032014,inc,3/6/14,M2,M,C,3/6/14,3/7/14,3/19/14,N,3/19/14,10.08,50,NA,NA,3.60955,0.2984692,-0.0089,0.135,3.5376,0.1504692,,,,
incub M2D_06032014,inc,3/6/14,M2,M,D,3/6/14,3/7/14,3/19/14,N,3/19/14,10.26,50,NA,NA,4.4072,0.4202172,NA,NA,4.33525,0.2722172,,,,
incub M2E_06032014,inc,3/6/14,M2,M,E,3/6/14,3/7/14,3/19/14,N,3/19/14,10.63,50,NA,NA,3.38695,0.4464412,NA,NA,3.315,0.2984412,,,,
incub S3A_06032014,inc,3/6/14,S3,S,A,3/6/14,3/7/14,3/19/14,N,3/19/14,9.95,50,NA,NA,11.969475,0.424076,0.1297,0.141,11.897525,0.276076,,,,
incub S3B_06032014,inc,3/6/14,S3,S,B,3/6/14,3/7/14,3/19/14,N,3/19/14,9.71,50,NA,NA,3.133186,0.3844056,0.09505,0.168,3.061236,0.2364056,11.804,0.435,,
incub S3C_06032014,inc,3/6/14,S3,S,C,3/6/14,3/7/14,3/19/14,N,3/19/14,10.28,50,NA,NA,4.357486,0.4263156,-0.0089,0.135,4.285536,0.2783156,,,,
incub S3D_06032014,inc,3/6/14,S3,S,D,3/6/14,3/7/14,3/19/14,N,3/19/14,10.33,50,NA,NA,2.5151,0.3667352,NA,NA,2.44315,0.2187352,,,,
incub S3E_06032014,inc,3/6/14,S3,S,E,3/6/14,3/7/14,3/19/14,N,3/19/14,9.74,50,NA,NA,3.5168,0.3301096,NA,NA,3.44485,0.1821096,,,,
ext bnk 07032014,bnk,3/7/14,NA,NA,NA,NA,3/7/14,NA,NA,NA,NA,50,NA,NA,0.06595,0.139,NA,NA,NA,NA,,,,
ext bnk 07032014,bnk,3/7/14,NA,NA,NA,NA,3/7/14,NA,NA,NA,NA,50,NA,NA,0.0574,0.137,NA,NA,NA,NA,,,,
ext bnk 07032014,bnk,3/7/14,NA,NA,NA,NA,3/7/14,NA,NA,NA,NA,50,NA,NA,0.06595,0.19,NA,NA,NA,NA,,,,
extr M2A_07032014,ext,3/7/14,M2,M,A,3/7/14,3/7/14,NA,NA,NA,10.12,50,529.61,441.95,1.2886,0.369,0.06595,0.139,1.2255,0.213666667,,,,
extr M2B_07032014,ext,3/7/14,M2,M,B,3/7/14,3/7/14,NA,NA,NA,10.39,50,525.61,439.95,2.4172,0.399,0.0574,0.137,2.3541,0.243666667,,,,
extr M2C_07032014,ext,3/7/14,M2,M,C,3/7/14,3/7/14,NA,NA,NA,9.53,50,267.71,224.15,2.18635,0.365,0.06595,0.19,2.12325,0.209666667,,,,
extr M2D_07032014,ext,3/7/14,M2,M,D,3/7/14,3/7/14,NA,NA,NA,9.88,50,554.61,462.65,2.11795,0.331,NA,NA,2.05485,0.175666667,,,,
extr M2E_07032014,ext,3/7/14,M2,M,E,3/7/14,3/7/14,NA,NA,NA,10,50,586.61,484.75,2.532,0.296,NA,NA,2.4689,0.140666667,,,,
extr S3A_07032014,ext,3/7/14,S3,S,A,3/7/14,3/7/14,NA,NA,NA,10.3,50,246.71,193.95,1.0492,2.686,0.06595,0.139,0.9861,2.530666667,,,,
extr S3B_07032014,ext,3/7/14,S3,S,B,3/7/14,3/7/14,NA,NA,NA,9.83,50,267.31,210.85,0.935143,0.666,0.0574,0.137,0.872043,0.510666667,,,,
extr S3C_07032014,ext,3/7/14,S3,S,C,3/7/14,3/7/14,NA,NA,NA,9.67,50,357.51,277.45,0.8098,2.471,0.06595,0.19,0.7467,2.315666667,,,,
extr S3D_07032014,ext,3/7/14,S3,S,D,3/7/14,3/7/14,NA,NA,NA,9.53,50,376.61,290.15,2.37445,4.013,NA,NA,2.31135,3.857666667,,,,
extr S3E_07032014,ext,3/7/14,S3,S,E,3/7/14,3/7/14,NA,NA,NA,9.88,50,477.71,372.65,1.1689,1.176,NA,NA,1.1058,1.020666667,,,,
incub M2A_07032014,inc,3/7/14,M2,M,A,3/7/14,3/7/14,3/19/14,Y,3/19/14,10.27,50,NA,NA,2.4038,0.3287984,0.1297,0.141,2.33185,0.1807984,,,,
incub M2B_07032014,inc,3/7/14,M2,M,B,3/7/14,3/7/14,3/19/14,Y,3/19/14,10.38,50,NA,NA,2.9974,0.4109288,0.09505,0.168,2.92545,0.2629288,,,,
incub M2C_07032014,inc,3/7/14,M2,M,C,3/7/14,3/7/14,3/19/14,Y,3/19/14,9.58,50,NA,NA,3.0716,0.2948216,-0.0089,0.135,2.99965,0.1468216,,,,
incub M2D_07032014,inc,3/7/14,M2,M,D,3/7/14,3/7/14,3/19/14,Y,3/19/14,9.6,50,NA,NA,3.98055,0.3645792,NA,NA,3.9086,0.2165792,,,,
incub M2E_07032014,inc,3/7/14,M2,M,E,3/7/14,3/7/14,3/19/14,Y,3/19/14,9.78,50,NA,NA,2.638643,0.3135788,NA,NA,2.566693,0.1655788,,,,
incub S3A_07032014,inc,3/7/14,S3,S,A,3/7/14,3/7/14,3/19/14,Y,3/19/14,9.49,50,NA,NA,3.46115,0.3827512,0.1297,0.141,3.3892,0.2347512,,,,
incub S3B_07032014,inc,3/7/14,S3,S,B,3/7/14,3/7/14,3/19/14,Y,3/19/14,10.19,50,NA,NA,2.7377,0.4984976,0.09505,0.168,2.66575,0.3504976,,,,
incub S3C_07032014,inc,3/7/14,S3,S,C,3/7/14,3/7/14,3/19/14,Y,3/19/14,9.98,50,NA,NA,4.35155,0.551698,-0.0089,0.135,4.2796,0.403698,,,,
incub S3D_07032014,inc,3/7/14,S3,S,D,3/7/14,3/7/14,3/19/14,Y,3/19/14,9.58,50,NA,NA,5.61295,0.569716,NA,NA,5.541,0.421716,,,,
incub S3E_07032014,inc,3/7/14,S3,S,E,3/7/14,3/7/14,3/19/14,Y,3/19/14,10.43,50,NA,NA,3.4797,0.6237568,NA,NA,3.40775,0.4757568,,,,
extr M2A_18032014,ext,3/18/14,M2,M,A,3/18/14,3/19/14,NA,NA,NA,10.33,50,116.77,97.19,0.7475,0.626,0.1297,0.141,0.67555,0.478,,,,
extr M2B_18032014,ext,3/18/14,M2,M,B,3/18/14,3/19/14,NA,NA,NA,10.35,50,150.47,125.09,1.0151,0.529,0.09505,0.168,0.94315,0.381,,,,
extr M2C_18032014,ext,3/18/14,M2,M,C,3/18/14,3/19/14,NA,NA,NA,9.85,50,116.47,96.99,0.6137,0.562,-0.0089,0.135,0.54175,0.414,0.564,0.603,,
extr M2D_18032014,ext,3/18/14,M2,M,D,3/18/14,3/19/14,NA,NA,NA,10.45,50,156.7,129.89,0.5691,0.48,NA,NA,0.49715,0.332,,,,
extr M2E_18032014,ext,3/18/14,M2,M,E,3/18/14,3/19/14,NA,NA,NA,10.33,50,147.24,120.09,0.7698,0.654,NA,NA,0.69785,0.506,,,,
extr S3A_18032014,ext,3/18/14,S3,S,A,3/18/14,3/19/14,NA,NA,NA,10.31,50,120.32,96.19,0.8611,0.569,0.1297,0.141,0.78915,0.421,1.016,0.633,,
extr S3B_18032014,ext,3/18/14,S3,S,B,3/18/14,3/19/14,NA,NA,NA,9.76,50,174.82,143.59,0.57895,0.556,0.09505,0.168,0.507,0.408,0.692,0.622,,
extr S3C_18032014,ext,3/18/14,S3,S,C,3/18/14,3/19/14,NA,NA,NA,10.04,50,120.63,97.49,1.53655,0.536,-0.0089,0.135,1.4646,0.388,1.872,0.571,,
extr S3D_18032014,ext,3/18/14,S3,S,D,3/18/14,3/19/14,NA,NA,NA,9.83,50,175.95,141.69,0.76705,0.442,NA,NA,0.6951,0.294,0.859,0.485,,
extr S3E_18032014,ext,3/18/14,S3,S,E,3/18/14,3/19/14,NA,NA,NA,10.63,50,107.64,90.09,0.5022,0.66,NA,NA,0.43025,0.512,0.483,0.734,,
incub M2A_18032014,inc,3/18/14,M2,M,A,3/18/14,3/19/14,3/25/14,N,3/25/14,10.12,50,NA,NA,1.365,0.33095,0.1983,0.017,1.1429,0.30895,,,,
incub M2B_18032014,inc,3/18/14,M2,M,B,3/18/14,3/19/14,3/25/14,N,3/25/14,9.6,50,NA,NA,1.16095,0.2454976,0.2221,0.027,0.93885,0.2234976,,,,
incub M2C_18032014,inc,3/18/14,M2,M,C,3/18/14,3/19/14,3/25/14,N,3/25/14,9.59,50,NA,NA,1.0682,0.2897396,0.2459,0.022,0.8461,0.2677396,,,,
incub M2D_18032014,inc,3/18/14,M2,M,D,3/18/14,3/19/14,3/25/14,N,3/25/14,9.55,50,NA,NA,0.8456,0.2487888,NA,NA,0.6235,0.2267888,,,,
incub M2E_18032014,inc,3/18/14,M2,M,E,3/18/14,3/19/14,3/25/14,N,3/25/14,9.61,50,NA,NA,1.27225,0.3404408,NA,NA,1.05015,0.3184408,,,,
incub S3A_18032014,inc,3/18/14,S3,S,A,3/18/14,3/19/14,3/25/14,N,3/25/14,10.05,50,NA,NA,1.38355,0.2893612,0.1983,0.017,1.16145,0.2673612,1.712,0.335,,
incub S3B_18032014,inc,3/18/14,S3,S,B,3/18/14,3/19/14,3/25/14,N,3/25/14,9.72,50,NA,NA,0.9198,0.2544164,0.2221,0.027,0.6977,0.2324164,1.18,0.293,,
incub S3C_18032014,inc,3/18/14,S3,S,C,3/18/14,3/19/14,3/25/14,N,3/25/14,10.01,50,NA,NA,1.9215,0.2670224,0.2459,0.022,1.6994,0.2450224,2.308,0.294,,
incub S3D_18032014,inc,3/18/14,S3,S,D,3/18/14,3/19/14,3/25/14,N,3/25/14,10.07,50,NA,NA,1.1053,0.2369572,NA,NA,0.8832,0.2149572,NA,NA,,
incub S3E_18032014,inc,3/18/14,S3,S,E,3/18/14,3/19/14,3/25/14,N,3/25/14,9.84,50,NA,NA,0.8827,0.3160472,NA,NA,0.6606,0.2940472,1.202,0.391,,
bnk I 19-03-14,bnk,3/19/14,NA,NA,NA,NA,3/19/14,NA,NA,NA,NA,50,NA,NA,0.1297,0.141,NA,NA,NA,NA,0.013,0.025,,
bnk II 19-03-14,bnk,3/19/14,NA,NA,NA,NA,3/19/14,NA,NA,NA,NA,50,NA,NA,0.09505,0.168,NA,NA,NA,NA,0.014,0.126,,
bnk III 19-03-14,bnk,3/19/14,NA,NA,NA,NA,3/19/14,NA,NA,NA,NA,50,NA,NA,-0.0089,0.135,NA,NA,NA,NA,0.012,0.112,,
ext bnk 20032014,bnk,3/20/14,NA,NA,NA,NA,3/20/14,NA,NA,NA,NA,50,NA,NA,0.3015,0.016,NA,NA,NA,NA,,,,
ext bnk 20032014,bnk,3/20/14,NA,NA,NA,NA,3/20/14,NA,NA,NA,NA,50,NA,NA,0.2459,0.015,NA,NA,NA,NA,,,,
ext bnk 20032014,bnk,3/20/14,NA,NA,NA,NA,3/20/14,NA,NA,NA,NA,50,NA,NA,0.2459,0.014,NA,NA,NA,NA,,,,
extr F2A_20032014,ext,3/20/14,F2,F,A,3/20/14,3/20/14,NA,NA,NA,10.35,50,159.17,131.79,0.1677,0.577,0.3015,0.016,-0.096733333,0.562,0.091,0.936,,
extr F2B_20032014,ext,3/20/14,F2,F,B,3/20/14,3/20/14,NA,NA,NA,10.2,50,117.08,97.79,0.1677,0.728,0.2459,0.015,-0.096733333,0.713,0.007,1.11,,
extr F2C_20032014,ext,3/20/14,F2,F,C,3/20/14,3/20/14,NA,NA,NA,9.98,50,114.44,93.69,0.35725,0.329,0.2459,0.014,0.092816667,0.314,0.319,0.715,,
extr F2D_20032014,ext,3/20/14,F2,F,D,3/20/14,3/20/14,NA,NA,NA,10.55,50,146.55,118.69,0.6583,0.513,NA,NA,0.393866667,0.498,0.848,0.901,,
extr F2E_20032014,ext,3/20/14,F2,F,E,3/20/14,3/20/14,NA,NA,NA,10.29,50,135.12,109.79,0.33495,0.404,NA,NA,0.070516667,0.389,0.305,0.791,,
extr M1A_20032014,ext,3/20/14,M1,M,A,3/20/14,3/20/14,NA,NA,NA,10.1,50,169.62,142.19,1.3496,0.519,0.3015,0.016,1.085166667,0.504,1.553,0.769,,
extr M1B_20032014,ext,3/20/14,M1,M,B,3/20/14,3/20/14,NA,NA,NA,9.98,50,157.33,132.49,2.7768,2.178,0.2459,0.015,2.512366667,2.163,3.36,1.95,,
extr M1C_20032014,ext,3/20/14,M1,M,C,3/20/14,3/20/14,NA,NA,NA,10.15,50,164.32,137.59,1.8625,0.523,0.2459,0.014,1.598066667,0.508,2.02,0.724,,
extr M1D_20032014,ext,3/20/14,M1,M,D,3/20/14,3/20/14,NA,NA,NA,10.38,50,136.4,113.79,3.2005,1.529,NA,NA,2.936066667,1.514,3.775,1.5,,
extr M1E_20032014,ext,3/20/14,M1,M,E,3/20/14,3/20/14,NA,NA,NA,9.96,50,127.55,106.59,1.8848,0.474,NA,NA,1.620366667,0.459,2.116,0.676,,
incub F2D_20032014,inc,3/20/14,F2,F,D,3/20/14,3/20/14,NA,NA,NA,NA,NA,NA,NA,1.27225,NA,NA,NA,NA,NA,,,"This sample is all on its own, weirdly",Y
ext bnk 25032014,bnk,3/25/14,NA,NA,NA,NA,3/25/14,NA,NA,NA,NA,50,NA,NA,0.1983,0.017,NA,NA,NA,NA,0.015,0.1,,
ext bnk 25032014,bnk,3/25/14,NA,NA,NA,NA,3/25/14,NA,NA,NA,NA,50,NA,NA,0.2221,0.027,NA,NA,NA,NA,0.015,0.104,,
ext bnk 25032014,bnk,3/25/14,NA,NA,NA,NA,3/25/14,NA,NA,NA,,,,,0.2459,0.022,NA,NA,NA,NA,0.014,0.109,,
ext bnk 25032014,bnk,3/25/14,NA,NA,NA,NA,3/25/14,NA,NA,NA,NA,50,NA,NA,NA,NA,NA,NA,NA,NA,0.055,0.083,,
extr F1A_25032014,ext,3/25/14,F1,F,A,3/25/14,3/25/14,NA,NA,NA,9.99,50,119.54,94.79,0.1507,0.247,0.1983,0.017,-0.0714,0.225,,,,
extr F148A_25032014,ext,3/25/14,F1,F,A,3/25/14,3/25/14,NA,NA,NA,10.47,50,119.54,94.79,0.1507,0.363,0.2221,0.027,-0.0714,0.341,,,,
extr F1B_25032014,ext,3/25/14,F1,F,B,3/25/14,3/25/14,NA,NA,NA,9.92,50,128,95.99,0.1507,0.402,0.2459,0.022,-0.0714,0.38,,,,
extr F148B_25032014,ext,3/25/14,F1,F,B,3/25/14,3/25/14,NA,NA,NA,10.02,50,128,95.99,0.2459,0.631,NA,NA,0.0238,0.609,,,,
extr F1C_25032014,ext,3/25/14,F1,F,C,3/25/14,3/25/14,NA,NA,NA,9.95,50,111.59,87.69,0.2459,0.169,NA,NA,0.0238,0.147,,,,
extr F148C_25032014,ext,3/25/14,F1,F,C,3/25/14,3/25/14,NA,NA,NA,9.55,50,111.59,87.69,0.1983,0.242,NA,NA,-0.0238,0.22,,,,
extr F1D_25032014,ext,3/25/14,F1,F,D,3/25/14,3/25/14,NA,NA,NA,9.65,50,156.73,123.99,0.1507,0.177,NA,NA,-0.0714,0.155,,,,
extr F148D_25032014,ext,3/25/14,F1,F,D,3/25/14,3/25/14,NA,NA,NA,10.05,50,156.73,123.99,0.1983,0.255,NA,NA,-0.0238,0.233,,,,
extr S2A_25032014,ext,3/25/14,S2,S,A,3/25/14,3/25/14,NA,NA,NA,9.98,50,160.21,140.39,0.3887,0.205,0.1983,0.017,0.1666,0.183,,,,
extr S248A_25032014,ext,3/25/14,S2,S,A,3/25/14,3/25/14,NA,NA,NA,10.05,50,160.21,140.39,0.3411,0.296,0.2221,0.027,0.119,0.274,,,,
extr S2B_25032014,ext,3/25/14,S2,S,B,3/25/14,3/25/14,NA,NA,NA,10.52,50,153.47,135.39,0.277316,0.202,0.2459,0.022,0.055216,0.18,,,,
extr S248B_25032014,ext,3/25/14,S2,S,B,3/25/14,3/25/14,NA,NA,NA,9.61,50,153.47,135.39,0.0584,0.301,NA,NA,-0.1637,0.279,,,,
extr S2C_25032014,ext,3/25/14,S2,S,C,3/25/14,3/25/14,NA,NA,NA,10.41,50,112.85,99.89,0.2935,0.215,NA,NA,0.0714,0.193,,,,
extr S248C_25032014,ext,3/25/14,S2,S,C,3/25/14,3/25/14,NA,NA,NA,9.68,50,112.85,99.89,0.0964,0.283,NA,NA,-0.1257,0.261,,,,
extr S2D_25032014,ext,3/25/14,S2,S,D,3/25/14,3/25/14,NA,NA,NA,9.38,50,93.83,83.79,0.3887,0.171,NA,NA,0.1666,0.149,,,,
extr S248D_25032014,ext,3/25/14,S2,S,D,3/25/14,3/25/14,NA,NA,NA,10.29,50,93.83,83.79,0.1572,0.264,NA,NA,-0.0649,0.242,,,,
extr S2E_25032014,ext,3/25/14,S2,S,E,3/25/14,3/25/14,NA,NA,NA,10.32,50,113.75,101.29,0.2935,0.185,NA,NA,0.0714,0.163,,,,
extr S248E_25032014,ext,3/25/14,S2,S,E,3/25/14,3/25/14,NA,NA,NA,10.23,50,113.75,101.29,0.1648,0.254,NA,NA,-0.0573,0.232,,,,
incub F1A_25032014,inc,3/25/14,F1,F,A,3/25/14,3/25/14,4/2/14,Y,4/2/14,10.47,50,NA,NA,1.12385,0.2545,0.1368,0.05,1.00795,0.204333333,,,,
incub F148A_25032014,inc,3/25/14,F1,F,A,3/25/14,3/25/14,4/2/14,Y,4/2/14,10.32,50,NA,NA,0.969143,0.3922508,0.1159,0.052,0.853243,0.342084133,,,,
incub F1B_25032014,inc,3/25/14,F1,F,B,3/25/14,3/25/14,4/2/14,Y,4/2/14,9.97,50,NA,NA,1.42065,0.338782,0.095,0.0485,1.30475,0.288615333,,,,
incub F148B_25032014,inc,3/25/14,F1,F,B,3/25/14,3/25/14,4/2/14,Y,4/2/14,9.72,50,NA,NA,1.129786,0.5388676,NA,NA,1.013886,0.488700933,,,,
incub F1C_25032014,inc,3/25/14,F1,F,C,3/25/14,3/25/14,4/2/14,Y,4/2/14,9.64,50,NA,NA,0.7714,0.2256272,NA,NA,0.6555,0.175460533,,,,
incub F148C_25032014,inc,3/25/14,F1,F,C,3/25/14,3/25/14,4/2/14,Y,4/2/14,9.81,50,NA,NA,0.7343,0.3176356,NA,NA,0.6184,0.267468933,,,,
incub F1D_25032014,inc,3/25/14,F1,F,D,3/25/14,3/25/14,4/2/14,Y,4/2/14,9.72,50,NA,NA,0.8456,0.2460696,NA,NA,0.7297,0.195902933,,,,
incub F148D_25032014,inc,3/25/14,F1,F,D,3/25/14,3/25/14,4/2/14,Y,4/2/14,9.8,50,NA,NA,0.8085,0.385686,NA,NA,0.6926,0.335519333,,,,
incub S2A_25032014,inc,3/25/14,S2,S,A,3/25/14,3/25/14,4/2/14,Y,4/2/14,9.65,50,NA,NA,0.4004,0.1524156,0.1368,0.05,0.2845,0.102248933,,,,
incub S248A_25032014,inc,3/25/14,S2,S,A,3/25/14,3/25/14,4/2/14,Y,4/2/14,10.24,50,NA,NA,0.486843,0.3885504,0.1159,0.052,0.370943,0.338383733,,,,
incub S2B_25032014,inc,3/25/14,S2,S,B,3/25/14,3/25/14,4/2/14,Y,4/2/14,10.15,50,NA,NA,0.34475,0.2005296,0.095,0.0485,0.22885,0.150362933,,,,
incub S248B_25032014,inc,3/25/14,S2,S,B,3/25/14,3/25/14,4/2/14,Y,4/2/14,9.74,50,NA,NA,0.3262,0.2978092,NA,NA,0.2103,0.247642533,,,,
incub S2C_25032014,inc,3/25/14,S2,S,C,3/25/14,3/25/14,4/2/14,Y,4/2/14,10.48,50,NA,NA,0.4746,0.205242,NA,NA,0.3587,0.155075333,,,,
incub S248C_25032014,inc,3/25/14,S2,S,C,3/25/14,3/25/14,4/2/14,Y,4/2/14,10.01,50,NA,NA,1.16895,0.2902896,NA,NA,1.05305,0.240122933,,,,
incub S2D_25032014,inc,3/25/14,S2,S,D,3/25/14,3/25/14,4/2/14,Y,4/2/14,10.07,50,NA,NA,0.45605,0.2198456,NA,NA,0.34015,0.169678933,,,,
incub S248D_25032014,inc,3/25/14,S2,S,D,3/25/14,3/25/14,4/2/14,Y,4/2/14,9.73,50,NA,NA,1.16895,0.33348,NA,NA,1.05305,0.283313333,,,,
incub S2E_25032014,inc,3/25/14,S2,S,E,3/25/14,3/25/14,4/2/14,Y,4/2/14,10.16,50,NA,NA,0.49315,0.2116748,NA,NA,0.37725,0.161508133,,,,
incub S248E_25032014,inc,3/25/14,S2,S,E,3/25/14,3/25/14,4/2/14,Y,4/2/14,10.5,50,NA,NA,1.2089,0.2997804,NA,NA,1.093,0.249613733,,,,
ext bnk 26032014,bnk,3/26/14,NA,NA,NA,NA,3/26/14,NA,NA,NA,NA,50,NA,NA,-0.086,0.134,NA,NA,NA,NA,0.014,0.092,,
ext bnk 26032014,bnk,3/26/14,NA,NA,NA,NA,3/26/14,NA,NA,NA,NA,50,NA,NA,-0.1012,0.133,NA,NA,NA,NA,0.016,0.088,,
ext bnk 26032014,bnk,3/26/14,NA,NA,NA,NA,3/26/14,NA,NA,NA,NA,50,NA,NA,-0.1012,0.134,NA,NA,NA,NA,0.015,0.086,,
ext bnkS1 26032014,bnk,3/26/14,NA,NA,NA,NA,3/26/14,NA,NA,NA,NA,50,NA,NA,-0.086,0.137,NA,NA,NA,NA,0.024,0.105,,
ext bnkS1 26032014,bnk,3/26/14,NA,NA,NA,NA,3/26/14,NA,NA,NA,NA,50,NA,NA,-0.1012,0.134,NA,NA,NA,NA,0.021,0.112,,
ext bnkS1 26032014,bnk,3/26/14,NA,NA,NA,NA,3/26/14,NA,NA,NA,NA,50,NA,NA,-0.086,0.143,NA,NA,NA,NA,0.018,0.087,,
extr S1A_26032014,ext,3/26/14,S1,S,A,3/26/14,3/26/14,NA,NA,NA,10.32,50,128.64,108.59,0.142,0.157,-0.086,0.137,0.233066667,0.019,0.209,0.311,,
extr S1B_26032014,ext,3/26/14,S1,S,B,3/26/14,3/26/14,NA,NA,NA,9.9,50,147.77,125.09,0.18,0.216,-0.1012,0.134,0.271066667,0.078,0.225,0.383,,
extr S1C_26032014,ext,3/26/14,S1,S,C,3/26/14,3/26/14,NA,NA,NA,10.33,50,153.97,129.19,0.2484,0.376,-0.086,0.143,0.339466667,0.238,NA,NA,,
extr S1D_26032014,ext,3/26/14,S1,S,D,3/26/14,3/26/14,NA,NA,NA,9.87,50,121.63,102.69,0.37,0.312,NA,NA,0.461066667,0.174,0.364,0.477,,
extr S1E_26032014,ext,3/26/14,S1,S,E,3/26/14,3/26/14,NA,NA,NA,10.14,50,153.17,127.39,0.0584,0.29,NA,NA,0.149466667,0.152,0.132,0.336,,
extr S3A_26032014,ext,3/26/14,S3,S,A,3/26/14,3/26/14,NA,NA,NA,9.89,50,182.79,148.59,0.142,0.181,-0.086,0.134,0.238133333,0.047333333,NA,NA,,
extr S3B_26032014,ext,3/26/14,S3,S,B,3/26/14,3/26/14,NA,NA,NA,10.39,50,168.74,136.29,0.104,0.188,-0.1012,0.133,0.200133333,0.054333333,0.173,0.338,,
extr S3C_26032014,ext,3/26/14,S3,S,C,3/26/14,3/26/14,NA,NA,NA,10.02,50,137.65,111.49,0.2332,0.207,-0.1012,0.134,0.329333333,0.073333333,0.272,0.349,,
extr S3D_26032014,ext,3/26/14,S3,S,D,3/26/14,3/26/14,NA,NA,NA,10.34,50,129.5,104.49,0.2332,0.213,NA,NA,0.329333333,0.079333333,NA,NA,,
extr S3E_26032014,ext,3/26/14,S3,S,E,3/26/14,3/26/14,NA,NA,NA,9.97,50,89.16,72.79,0.3244,0.24,NA,NA,0.420533333,0.106333333,0.357,0.408,,
incub S1A_26032014,inc,3/26/14,S1,S,A,3/26/14,3/26/14,4/3/14,Y,4/3/14,9.65,50,NA,NA,0.29005,0.1887024,-0.0227,0.039,0.31275,0.1507024,,,,
incub S1B_26032014,inc,3/26/14,S1,S,B,3/26/14,3/26/14,4/3/14,Y,4/3/14,10.37,50,NA,NA,1.16895,0.2480408,NA,0.037,1.19165,0.2100408,,,,
incub S1C_26032014,inc,3/26/14,S1,S,C,3/26/14,3/26/14,4/3/14,Y,4/3/14,9.77,50,NA,NA,1.3687,0.256106,-0.0227,0.038,1.3914,0.218106,,,,
incub S1D_26032014,inc,3/26/14,S1,S,D,3/26/14,3/26/14,4/3/14,Y,4/3/14,10.21,50,NA,NA,1.6084,0.236988,NA,NA,1.6311,0.198988,,,,
incub S1E_26032014,inc,3/26/14,S1,S,E,3/26/14,3/26/14,4/3/14,Y,4/3/14,9.81,50,NA,NA,0.8094,0.2433284,NA,NA,0.8321,0.2053284,,,,
incub S3A_26032014,inc,3/26/14,S3,S,A,3/26/14,3/26/14,4/3/14,Y,4/3/14,10.4,50,NA,NA,0.68955,0.2362312,-0.0227,0.039,0.71225,0.1982312,,,,
incub S3B_26032014,inc,3/26/14,S3,S,B,3/26/14,3/26/14,4/3/14,Y,4/3/14,10.05,50,NA,NA,0.7295,0.2230136,NA,0.037,0.7522,0.1850136,,,,
incub S3C_26032014,inc,3/26/14,S3,S,C,3/26/14,3/26/14,4/3/14,Y,4/3/14,9.77,50,NA,NA,1.0491,0.255446,-0.0227,0.038,1.0718,0.217446,,,,
incub S3D_26032014,inc,3/26/14,S3,S,D,3/26/14,3/26/14,4/3/14,Y,4/3/14,9.94,50,NA,NA,NA,0.2432624,NA,NA,NA,0.2052624,,,,
incub S3E_26032014,inc,3/26/14,S3,S,E,3/26/14,3/26/14,4/3/14,Y,4/3/14,10.25,50,NA,NA,1.3687,0.2550808,NA,NA,1.3914,0.2170808,,,,
M1A_27032014,ext,3/27/14,M1,M,A,3/27/14,3/27/14,NA,NA,NA,10.29,50,128.39,103.29,NA,NA,NA,NA,NA,NA,,,Missing CENA data,Y
M1B_27032014,ext,3/27/14,M1,M,B,3/27/14,3/27/14,NA,NA,NA,9.59,50,106.38,86.39,NA,NA,NA,NA,NA,NA,,,Missing CENA data,Y
M1C_27032014,ext,3/27/14,M1,M,C,3/27/14,3/27/14,NA,NA,NA,9.75,50,179.39,145.79,NA,NA,NA,NA,NA,NA,,,Missing CENA data,Y
M1D_27032014,ext,3/27/14,M1,M,D,3/27/14,3/27/14,NA,NA,NA,10.28,50,181.16,147.69,NA,NA,NA,NA,NA,NA,,,Missing CENA data,Y
M1E_27032014,ext,3/27/14,M1,M,E,3/27/14,3/27/14,NA,NA,NA,10.29,50,124.25,97.49,NA,NA,NA,NA,NA,NA,,,Missing CENA data,Y
ext bnk 02042014,bnk,4/2/14,NA,NA,NA,NA,4/2/14,NA,NA,NA,NA,50,NA,NA,0.1368,0.05,NA,NA,NA,NA,,,,
ext bnk 02042014,bnk,4/2/14,NA,NA,NA,NA,4/2/14,NA,NA,NA,NA,50,NA,NA,0.1159,0.052,NA,NA,NA,NA,,,,
ext bnk 02042014,bnk,4/2/14,NA,NA,NA,NA,4/2/14,NA,NA,NA,NA,50,NA,NA,0.095,0.0485,NA,NA,NA,NA,,,,
extr F3A_02042014,ext,4/2/14,F3,F,A,4/1/14,4/2/14,NA,NA,NA,10.36,50,124.51,98.79,0.12635,0.29,0.1368,0.05,0.01045,0.239833333,,,,
extr F3B_02042014,ext,4/2/14,F3,F,B,4/1/14,4/2/14,NA,NA,NA,9.44,50,115.38,89.59,0.00095,0.356,0.1159,0.052,-0.11495,0.305833333,,,,
extr F3C_02042014,ext,4/2/14,F3,F,C,4/1/14,4/2/14,NA,NA,NA,9.27,50,113.57,89.19,0.2204,0.372,0.095,0.0485,0.1045,0.321833333,,,,
extr F3D_02042014,ext,4/2/14,F3,F,D,4/1/14,4/2/14,NA,NA,NA,10.33,50,127.31,100.49,0.1368,0.395,NA,NA,0.0209,0.344833333,,,,
extr M2A_02042014,ext,4/2/14,M2,M,A,4/1/14,4/2/14,NA,NA,NA,9.8,50,180.79,134.79,0.6968,2.446,0.1368,0.05,0.5809,2.395833333,,,,
extr M2B_02042014,ext,4/2/14,M2,M,B,4/1/14,4/2/14,NA,NA,NA,9.92,50,189.46,139.19,1.282,2.847,0.1159,0.052,1.1661,2.796833333,,,,
extr M2C_02042014,ext,4/2/14,M2,M,C,4/1/14,4/2/14,NA,NA,NA,9.87,50,136.84,101.19,1.7532,7.013,0.095,0.0485,1.6373,6.962833333,,,,
extr M2D_02042014,ext,4/2/14,M2,M,D,4/1/14,4/2/14,NA,NA,NA,9.35,50,87.7,63.79,1.8596,3.463,NA,NA,1.7437,3.412833333,,,,
extr M2E_02042014,ext,4/2/14,M2,M,E,4/1/14,4/2/14,NA,NA,NA,10.02,50,151.62,112.29,1.3656,2.192,NA,NA,1.2497,2.141833333,,,,
extr M3A_02042014,ext,4/2/14,M3,M,A,4/1/14,4/2/14,NA,NA,NA,10.33,50,134.09,110.99,0.028,0.37,0.1368,0.05,-0.0879,0.319833333,,,,
extr M3B_02042014,ext,4/2/14,M3,M,B,4/1/14,4/2/14,NA,NA,NA,9.92,50,169.26,141.89,0.0532,0.262,0.1159,0.052,-0.0627,0.211833333,,,,
extr M3C_02042014,ext,4/2/14,M3,M,C,4/1/14,4/2/14,NA,NA,NA,10.16,50,126.04,102.49,0.0532,0.302,0.095,0.0485,-0.0627,0.251833333,,,,
extr M3D_02042014,ext,4/2/14,M3,M,D,4/1/14,4/2/14,NA,NA,NA,10.45,50,119.29,98.59,0.0323,0.272,NA,NA,-0.0836,0.221833333,,,,
extr M3E_02042014,ext,4/2/14,M3,M,E,4/1/14,4/2/14,NA,NA,NA,9.99,50,104.68,87.19,0.0114,0.261,NA,NA,-0.1045,0.210833333,,,,
incub F3A_02042014,inc,4/2/14,F3,F,A,4/1/14,4/2/14,4/7/14,Y,4/7/14,9.79,50,NA,NA,1.08905,0.213646,-0.0089,0.103,1.09795,0.106646,,,,
incub F3B_02042014,inc,4/2/14,F3,F,B,4/1/14,4/2/14,4/7/14,Y,4/7/14,9.36,50,NA,NA,1.00915,0.2201668,-0.0089,0.11,1.01805,0.1131668,,,,
incub F3C_02042014,inc,4/2/14,F3,F,C,4/1/14,4/2/14,4/7/14,Y,4/7/14,9.51,50,NA,NA,1.24885,0.2197048,-0.0089,0.108,1.25775,0.1127048,,,,
incub F3D_02042014,inc,4/2/14,F3,F,D,4/1/14,4/2/14,4/7/14,Y,4/7/14,10.09,50,NA,NA,0.9692,0.2118464,NA,NA,0.9781,0.1048464,,,,
incub M2A_02042014,inc,4/2/14,M2,M,A,4/1/14,4/2/14,4/7/14,Y,4/7/14,9.44,50,NA,NA,4.44485,0.2118728,-0.0089,0.103,4.45375,0.1048728,,,,
incub M2B_02042014,inc,4/2/14,M2,M,B,4/1/14,4/2/14,4/7/14,Y,4/7/14,9.7,50,NA,NA,8.20015,0.0964432,-0.0089,0.11,8.20905,-0.0105568,,,,
incub M2C_02042014,inc,4/2/14,M2,M,C,4/1/14,4/2/14,4/7/14,Y,4/7/14,9.85,50,NA,NA,8.30085,0.2592212,-0.0089,0.108,8.30975,0.1522212,,,,
incub M2D_02042014,inc,4/2/14,M2,M,D,4/1/14,4/2/14,4/7/14,Y,4/7/14,9.79,50,NA,NA,NA,0.557726,NA,NA,NA,0.450726,,,,
incub M2E_02042014,inc,4/2/14,M2,M,E,4/1/14,4/2/14,4/7/14,Y,4/7/14,10.54,50,NA,NA,5.72325,0.2104428,NA,NA,5.73215,0.1034428,,,,
incub M3A_02042014,inc,4/2/14,M3,M,A,4/1/14,4/2/14,4/7/14,Y,4/7/14,9.73,50,NA,NA,0.52975,0.2629656,-0.0089,0.103,0.53865,0.1559656,,,,
incub M3B_02042014,inc,4/2/14,M3,M,B,4/1/14,4/2/14,4/7/14,Y,4/7/14,10.04,50,NA,NA,0.4898,0.1867312,-0.0089,0.11,0.4987,0.0797312,,,,
incub M3C_02042014,inc,4/2/14,M3,M,C,4/1/14,4/2/14,4/7/14,Y,4/7/14,9.94,50,NA,NA,0.6496,0.246756,-0.0089,0.108,0.6585,0.139756,,,,
incub M3D_02042014,inc,4/2/14,M3,M,D,4/1/14,4/2/14,4/7/14,Y,4/7/14,10.39,50,NA,NA,0.6496,0.2353292,NA,NA,0.6585,0.1283292,,,,
incub M3E_02042014,inc,4/2/14,M3,M,E,4/1/14,4/2/14,4/7/14,Y,4/7/14,9.81,50,NA,NA,0.29005,0.25065,NA,NA,0.29895,0.14365,,,,
ext bnk 03042014,bnk,4/3/14,NA,NA,NA,NA,4/3/14,NA,NA,NA,NA,50,NA,NA,-0.0227,0.039,NA,NA,NA,NA,,,,
ext bnk 03042014,bnk,4/3/14,NA,NA,NA,NA,4/3/14,NA,NA,NA,NA,50,NA,NA,NA,0.037,NA,NA,NA,NA,,,,
ext bnk 03042014,bnk,4/3/14,NA,NA,NA,NA,4/3/14,NA,NA,NA,NA,50,NA,NA,-0.0227,0.038,NA,NA,NA,NA,,,,
extr F2A_03042014,ext,4/3/14,F2,F,A,4/3/14,4/3/14,NA,NA,NA,9.72,50,115.19,92.09,0.1159,0.458,-0.0227,0.039,0.1386,0.42,,,,
extr F2B_03042014,ext,4/3/14,F2,F,B,4/3/14,4/3/14,NA,NA,NA,9.64,50,111.06,88.99,0.0532,0.99,NA,0.037,0.0759,0.952,,,,
extr F2C_03042014,ext,4/3/14,F2,F,C,4/3/14,4/3/14,NA,NA,NA,9.81,50,143.7,113.19,-0.0513,0.691,-0.0227,0.038,-0.0286,0.653,,,,
extr F2D_03042014,ext,4/3/14,F2,F,D,4/3/14,4/3/14,NA,NA,NA,9.67,50,129.28,104.29,0.1464,0.446,NA,NA,0.1691,0.408,,,,
incub F2A_03042014,inc,4/3/14,F2,F,A,4/3/14,4/3/14,4/7/14,Y,4/7/14,10.01,50,NA,NA,0.84935,0.2479352,-0.0089,0.103,0.85825,0.1409352,,,,
incub F2B_03042014,inc,4/3/14,F2,F,B,4/3/14,4/3/14,4/7/14,Y,4/7/14,9.79,50,NA,NA,0.9692,0.2692928,-0.0089,0.11,0.9781,0.1622928,,,,
incub F2C_03042014,inc,4/3/14,F2,F,C,4/3/14,4/3/14,4/7/14,Y,4/7/14,9.84,50,NA,NA,0.8893,0.2459816,-0.0089,0.108,0.8982,0.1389816,,,,
incub F2D_03042014,inc,4/3/14,F2,F,D,4/3/14,4/3/14,4/7/14,Y,4/7/14,10.13,50,NA,NA,1.0491,0.2884416,NA,NA,1.058,0.1814416,,,,
bnk I 07-04-14,bnk,4/7/14,NA,NA,NA,NA,4/7/14,NA,NA,NA,NA,50,NA,NA,-0.0089,0.103,NA,NA,NA,NA,,,,
bnk II 07-04-14,bnk,4/7/14,NA,NA,NA,NA,4/7/14,NA,NA,NA,NA,50,NA,NA,-0.0089,0.11,NA,NA,NA,NA,,,,
bnk III 07-04-14,bnk,4/7/14,NA,NA,NA,NA,4/7/14,NA,NA,NA,NA,50,NA,NA,-0.0089,0.108,NA,NA,NA,NA,,,,
bnk I,bnk,NA,NA,NA,NA,NA,NA,NA,NA,NA,NA,50,NA,NA,-0.0227,0.0982624,NA,NA,NA,NA,,,Don't know when these are from (Dec?),Y
bnk 2,bnk,NA,NA,NA,NA,NA,NA,NA,NA,NA,NA,50,NA,NA,-0.0227,0.0785224,NA,NA,NA,NA,,,Don't know when these are from (Dec?),Y
bnk 3,bnk,NA,NA,NA,NA,NA,NA,NA,NA,NA,NA,50,NA,NA,-0.0227,0.0762899,NA,NA,NA,NA,,,Don't know when these are from (Dec?),Y
ext F1A_,ext,NA,F1,F,A,NA,NA,NA,NA,NA,NA,NA,NA,NA,0.13305,0.478,NA,NA,NA,NA,,,Don't know when these are from (Dec?),Y
ext F1B_,ext,NA,F1,F,B,NA,NA,NA,NA,NA,NA,NA,NA,NA,0.1731,0.2974766,NA,NA,NA,NA,,,Don't know when these are from (Dec?),Y
ext F1C_,ext,NA,F1,F,C,NA,NA,NA,NA,NA,NA,NA,NA,NA,0.1375,0.4921271,NA,NA,NA,NA,,,Don't know when these are from (Dec?),Y
ext F1D_,ext,NA,F1,F,D,NA,NA,NA,NA,NA,NA,NA,NA,NA,0.14195,0.0830391,NA,NA,NA,NA,,,Don't know when these are from (Dec?),Y
ext F1E_,ext,NA,F1,F,E,NA,NA,NA,NA,NA,NA,NA,NA,NA,0.0841,0.3577024,NA,NA,NA,NA,,,Don't know when these are from (Dec?),Y
ext F3A_,ext,NA,F3,F,A,NA,NA,NA,NA,NA,NA,NA,NA,NA,0.19535,NA,NA,NA,NA,NA,,,Don't know when these are from (Dec?),Y
ext F3B_,ext,NA,F3,F,B,NA,NA,NA,NA,NA,NA,NA,NA,NA,0.182,0.029,NA,NA,NA,NA,,,Don't know when these are from (Dec?),Y
ext F3C_,ext,NA,F3,F,C,NA,NA,NA,NA,NA,NA,NA,NA,NA,-0.0227,0.65,NA,NA,NA,NA,,,Don't know when these are from (Dec?),Y
ext F3D_,ext,NA,F3,F,D,NA,NA,NA,NA,NA,NA,NA,NA,NA,-0.0227,1.015,NA,NA,NA,NA,,,Don't know when these are from (Dec?),Y
ext F3E_,ext,NA,F3,F,E,NA,NA,NA,NA,NA,NA,NA,NA,NA,0.086325,1.1965,NA,NA,NA,NA,,,Don't know when these are from (Dec?),Y
ext M2A_,ext,NA,M2,M,A,NA,NA,NA,NA,NA,NA,NA,NA,NA,0.23095,0.233,NA,NA,NA,NA,,,Don't know when these are from (Dec?),Y
ext M2B_,ext,NA,M2,M,B,NA,NA,NA,NA,NA,NA,NA,NA,NA,0.1998,0.151,NA,NA,NA,NA,,,Don't know when these are from (Dec?),Y
ext M2C_,ext,NA,M2,M,C,NA,NA,NA,NA,NA,NA,NA,NA,NA,0.1019,0.167,NA,NA,NA,NA,,,Don't know when these are from (Dec?),Y
ext M2D_,ext,NA,M2,M,D,NA,NA,NA,NA,NA,NA,NA,NA,NA,0.10635,1.522,NA,NA,NA,NA,,,Don't know when these are from (Dec?),Y
ext M2E_,ext,NA,M2,M,E,NA,NA,NA,NA,NA,NA,NA,NA,NA,0.1553,0.244,NA,NA,NA,NA,,,Don't know when these are from (Dec?),Y
incub F2A_20032014,inc,NA,F2,F,A,3/20/14,3/20/14,3/27/14,Y,3/27/14,10.42,50,NA,NA,NA,NA,NA,NA,NA,NA,,,No CENA data,Y
incub F2B_20032014,inc,NA,F2,F,B,3/20/14,3/20/14,3/27/14,Y,3/27/14,9.78,50,NA,NA,NA,NA,NA,NA,NA,NA,,,No CENA data,Y
incub F2C_20032014,inc,NA,F2,F,C,3/20/14,3/20/14,3/27/14,Y,3/27/14,9.77,50,NA,NA,NA,NA,NA,NA,NA,NA,,,No CENA data,Y
incub F2D_20032014,inc,NA,F2,F,D,3/20/14,3/20/14,3/27/14,Y,3/27/14,10.04,50,NA,NA,NA,NA,NA,NA,NA,NA,,,No CENA data,Y
incub F2E_20032014,inc,NA,F2,F,E,3/20/14,3/20/14,3/27/14,Y,3/27/14,10.08,50,NA,NA,NA,NA,NA,NA,NA,NA,,,No CENA data,Y
incub M1A_20032014,inc,NA,M1,M,A,3/20/14,3/20/14,3/27/14,Y,3/27/14,9.43,50,NA,NA,NA,NA,NA,NA,NA,NA,,,No CENA data,Y
incub M1A_27032014,inc,NA,M1,M,A,3/27/14,3/27/14,4/3/14,Y,4/3/14,10.1,50,NA,NA,NA,NA,NA,NA,NA,NA,,,No CENA data,Y
incub M1B_20032014,inc,NA,M1,M,B,3/20/14,3/20/14,3/27/14,Y,3/27/14,9.62,50,NA,NA,NA,NA,NA,NA,NA,NA,,,No CENA data,Y
incub M1B_27032014,inc,NA,M1,M,B,3/27/14,3/27/14,4/3/14,Y,4/3/14,9.89,50,NA,NA,NA,NA,NA,NA,NA,NA,,,No CENA data,Y
incub M1C_20032014,inc,NA,M1,M,C,3/20/14,3/20/14,3/27/14,Y,3/27/14,9.82,50,NA,NA,NA,NA,NA,NA,NA,NA,,,No CENA data,Y
incub M1C_27032014,inc,NA,M1,M,C,3/27/14,3/27/14,4/3/14,Y,4/3/14,10.08,50,NA,NA,NA,NA,NA,NA,NA,NA,,,No CENA data,Y
incub M1D_20032014,inc,NA,M1,M,D,3/20/14,3/20/14,3/27/14,Y,3/27/14,9.83,50,NA,NA,NA,NA,NA,NA,NA,NA,,,No CENA data,Y
incub M1D_27032014,inc,NA,M1,M,D,3/27/14,3/27/14,4/3/14,Y,4/3/14,9.74,50,NA,NA,NA,NA,NA,NA,NA,NA,,,No CENA data,Y
incub M1E_20032014,inc,NA,M1,M,E,3/20/14,3/20/14,3/27/14,Y,3/27/14,10.09,50,NA,NA,NA,NA,NA,NA,NA,NA,,,No CENA data,Y
incub M1E_27032014,inc,NA,M1,M,E,3/27/14,3/27/14,4/3/14,Y,4/3/14,9.99,50,NA,NA,NA,NA,NA,NA,NA,NA,,,No CENA data,Y
incub M3A_30012014,inc,NA,M3,M,A,1/30/14,1/30/14,2/7/14,Y,2/7/14,9.89,50,NA,NA,NA,NA,NA,NA,NA,NA,,,No CENA data,Y
incub M3B_30012014,inc,NA,M3,M,B,1/30/14,1/30/14,2/7/14,Y,2/7/14,10.52,50,NA,NA,NA,NA,NA,NA,NA,NA,,,No CENA data,Y
incub M3C_30012014,inc,NA,M3,M,C,1/30/14,1/30/14,2/7/14,Y,2/7/14,9.88,50,NA,NA,NA,NA,NA,NA,NA,NA,,,No CENA data,Y
incub M3D_30012014,inc,NA,M3,M,D,1/30/14,1/30/14,2/7/14,Y,2/7/14,10.19,50,NA,NA,NA,NA,NA,NA,NA,NA,,,No CENA data,Y
incub M3E_30012014,inc,NA,M3,M,E,1/30/14,1/30/14,2/7/14,Y,2/7/14,10.27,50,NA,NA,NA,NA,NA,NA,NA,NA,,,No CENA data,Y
incub S1A_30012014,inc,NA,S1,S,A,1/30/14,1/30/14,2/7/14,Y,2/7/14,10.11,50,NA,NA,NA,NA,NA,NA,NA,NA,,,No CENA data,Y
incub S1B_30012014,inc,NA,S1,S,B,1/30/14,1/30/14,2/7/14,Y,2/7/14,10.18,50,NA,NA,NA,NA,NA,NA,NA,NA,,,No CENA data,Y
incub S1C_30012014,inc,NA,S1,S,C,1/30/14,1/30/14,2/7/14,Y,2/7/14,10.17,50,NA,NA,NA,NA,NA,NA,NA,NA,,,No CENA data,Y
incub S1D_30012014,inc,NA,S1,S,D,1/30/14,1/30/14,2/7/14,Y,2/7/14,10.12,50,NA,NA,NA,NA,NA,NA,NA,NA,,,No CENA data,Y
incub S1E_30012014,inc,NA,S1,S,E,1/30/14,1/30/14,2/7/14,Y,2/7/14,9.88,50,NA,NA,NA,NA,NA,NA,NA,NA,,,No CENA data,Y